group,routeHash,routePreview,firstEdge,lastEdge,edgeCount,vehicleCount,meanPredDuration,meanTruthDuration,bias,MAE,RMSE,medianAbsError,p90AbsError,p95AbsError,maxAbsError,underCount,overCount,underCliffCount,overCliffCount,underNearCliffCount,overNearCliffCount,severeAbsErrorGt1000Count,topAbsErrorVehicleID,topAbsErrorPredDuration,topAbsErrorTruthDuration,topAbsErrorSignedError,departMin,departMax,exposedModifiedSignals,modifiedSignalExposureRate
ALL,7a1449444338,-E3 -> -E15 -> -E16 -> -E17,-E3,-E17,4,1097,86.62989972652689,595.5205104831358,-508.8906107566089,509.4412032816773,1112.939731906027,5.0,2368.0,2827.0,4567.0,923,99,246,0,249,0,232,oversat_all_veh_004825,124.0,4691.0,-4567.0,0.0,115990.0,,0.0
ALL,55e9af98fb6e,-E4 -> -E15 -> -E16 -> -E18,-E4,-E18,4,1097,72.29808568824066,510.98541476754787,-438.6873290793072,438.6873290793072,1454.8984433289816,7.0,573.0,3155.0,8240.0,1097,0,67,0,133,0,65,oversat_all_veh_002607,44.0,8284.0,-8240.0,0.0,103990.0,,0.0
ALL,160fb44579b4,-E5 -> -E13 -> E12 -> -E11 -> -E18,-E5,-E18,5,1223,205.448896156991,561.0719542109566,-355.6230580539657,355.6852003270646,821.2433800577235,6.0,1611.0,2230.0,3435.0,1179,22,208,0,263,0,182,oversat_all_veh_002521,218.0,3653.0,-3435.0,0.0,103990.0,J17;J21;J22,1.0
ALL,1acb8cba4d57,-E2 -> -E13 -> E12 -> -E11 -> -E17,-E2,-E17,5,1223,150.45134914145544,458.61161079313166,-308.1602616516762,308.1602616516762,746.5777412928605,90.0,904.0,2189.0,3817.0,1222,0,135,0,165,0,120,oversat_all_veh_001246,150.0,3967.0,-3817.0,0.0,91990.0,J17;J21;J22,1.0
ALL,346fa50c7560,-E19 -> -E16 -> E11 -> -E10,-E19,-E10,4,1097,80.21330902461258,364.9361896080219,-284.7228805834093,284.7228805834093,549.9525139026621,8.0,960.0,1403.0,2000.0,1097,0,197,0,297,0,100,oversat_all_veh_006347,85.0,2085.0,-2000.0,0.0,115990.0,J17,1.0
ALL,209c0f416794,E17 -> E11 -> -E12 -> E13 -> E5,E17,E5,5,1097,200.8359161349134,401.9270738377393,-201.09115770282588,201.09115770282588,300.87934480057083,184.0,544.0,715.0,1059.0,1097,0,76,0,159,0,5,oversat_all_veh_004264,239.0,1298.0,-1059.0,0.0,127990.0,J17;J21;J22,1.0
ALL,11c3be71c875,-E19 -> -E16 -> -E17,-E19,-E17,3,1097,75.25797629899726,266.18231540565176,-190.92433910665451,191.9270738377393,400.3679938979019,5.0,712.0,1042.0,1686.0,746,286,94,0,173,0,60,oversat_all_veh_006385,47.0,1733.0,-1686.0,0.0,115990.0,,0.0
ALL,3b4ce934fe24,E17 -> E11 -> -E12 -> -E14,E17,-E14,4,1097,172.359161349134,360.0173199635369,-187.6581586144029,187.6581586144029,275.4058760012344,185.0,488.0,616.0,958.0,1096,0,32,0,135,0,0,oversat_all_veh_004263,140.0,1098.0,-958.0,0.0,127990.0,J17;J21,1.0
ALL,11b6fa0ab926,E10 -> -E12 -> E13 -> E5,E10,E5,4,1223,301.5560098119379,141.46688470973018,160.08912510220767,187.13082583810302,477.6266250619946,14.0,332.0,1632.0,1743.0,858,365,0,109,0,117,102,oversat_all_veh_002590,1851.0,108.0,1743.0,0.0,79990.0,J17;J21;J22,1.0
ALL,4130f8916f02,E18 -> E11 -> -E12 -> E13 -> E5,E18,E5,5,1097,236.67912488605288,408.93983591613494,-172.26071103008204,185.77757520510482,319.59307536226083,93.0,370.0,699.0,1676.0,980,117,34,0,69,0,31,oversat_all_veh_003112,502.0,2178.0,-1676.0,0.0,127990.0,J17;J21;J22,1.0
ALL,529f6a3ed00c,E9 -> -E12 -> E20 -> E15 -> -E0 -> E5,E9,E5,6,1223,140.11447260834015,324.12019623875716,-184.005723630417,184.005723630417,403.83397756885716,96.0,371.0,892.0,2633.0,1223,0,68,0,85,0,54,oversat_all_veh_001641,112.0,2745.0,-2633.0,0.0,79990.0,J17;J21;J22,1.0
ALL,a9fb59fe185d,-E2 -> -E13 -> -E14,-E2,-E14,3,1223,59.919869174161896,241.37367130008175,-181.45380212591988,181.45380212591988,411.5523292433683,85.0,641.0,1068.0,2751.0,1222,0,97,0,130,0,70,oversat_all_veh_001285,37.0,2788.0,-2751.0,0.0,91990.0,J21;J22,1.0
ALL,bb0c3598f044,-E19 -> E15 -> E4,-E19,E4,3,1097,256.55241567912486,87.6052871467639,168.94712853236098,176.9690063810392,366.80052651736804,7.0,865.0,896.0,988.0,653,437,0,169,0,197,0,oversat_all_veh_009338,1043.0,55.0,988.0,0.0,115990.0,,0.0
ALL,0fc76bc3c2fc,-E2 -> -E13 -> E20 -> E19,-E2,E19,4,1223,150.9067865903516,326.9198691741619,-176.0130825838103,176.0147179067866,397.83533041027067,91.0,557.0,1028.0,2792.0,1222,1,99,0,132,0,67,oversat_all_veh_001329,181.0,2973.0,-2792.0,0.0,91990.0,J21;J22,1.0
ALL,5706b7fad304,E10 -> -E11 -> E16 -> E19,E10,E19,4,1223,134.43254292722813,307.9877350776778,-173.55519215044973,173.556827473426,254.6336858744566,122.0,448.0,507.0,758.0,1222,1,0,0,123,0,0,oversat_all_veh_007509,107.0,865.0,-758.0,0.0,79990.0,J17,1.0
ALL,bc9c2e0fd984,E18 -> E11 -> -E12 -> -E14,E18,-E14,4,1097,206.27438468550594,369.5360072926162,-163.2616226071103,168.07474931631722,298.9288077243667,65.0,358.0,614.0,1621.0,998,97,30,0,62,0,28,oversat_all_veh_000733,201.0,1822.0,-1621.0,0.0,127990.0,J17;J21,1.0
ALL,36e8623f4e0a,E10 -> -E11 -> E16 -> E15 -> E4,E10,E4,5,1223,172.5870809484873,313.74080130825837,-141.15372035977106,151.1373671300082,222.5187470856757,89.0,407.0,459.0,730.0,989,200,1,0,138,0,0,oversat_all_veh_003904,228.0,958.0,-730.0,0.0,79990.0,J17,1.0
ALL,8522097d81df,E17 -> E11 -> -E10,E17,-E10,3,1097,111.83773928896991,261.3564266180492,-149.5186873290793,149.71558796718324,216.06391910184385,142.0,362.0,480.0,913.0,1032,16,1,0,40,0,0,oversat_all_veh_002580,135.0,1048.0,-913.0,0.0,127990.0,J17,1.0
ALL,9ad069c9b349,E9 -> -E12 -> E13 -> E5,E9,E5,4,1223,112.82829108748977,259.3426001635323,-146.5143090760425,146.53556827473426,287.3895237275078,81.0,340.0,741.0,1900.0,1222,1,64,0,87,0,21,oversat_all_veh_001970,183.0,2083.0,-1900.0,0.0,79990.0,J17;J21;J22,1.0
ALL,e3621f02f2a0,-E5 -> -E13 -> -E14,-E5,-E14,3,1223,91.12019623875716,224.35159443990187,-133.2313982011447,133.25756336876532,298.0173075801713,11.0,452.0,790.0,1513.0,1204,13,58,0,95,0,31,oversat_all_veh_002847,64.0,1577.0,-1513.0,0.0,103990.0,J21;J22,1.0
ALL,09ec625f32b1,E9 -> -E12 -> -E14,E9,-E14,3,1223,56.82583810302535,184.32542927228127,-127.49959116925592,127.49959116925592,248.89210605780656,53.0,348.0,587.0,1701.0,1221,0,24,0,74,0,12,oversat_all_veh_001972,86.0,1787.0,-1701.0,0.0,79990.0,J17;J21,1.0
ALL,a8e523103c04,-E3 -> -E0 -> -E13 -> -E14,-E3,-E14,4,1097,140.3701002734731,257.96080218778485,-117.59070191431177,117.6472196900638,335.0342463345431,7.0,211.0,842.0,1981.0,1074,21,58,0,96,0,37,oversat_all_veh_003514,120.0,2101.0,-1981.0,0.0,115990.0,J21;J22,1.0
ALL,91530330da2b,-E4 -> -E0 -> -E13 -> -E14,-E4,-E14,4,1097,172.31814038286234,289.2680036463081,-116.94986326344576,116.97174111212398,287.60483879780054,6.0,367.0,678.0,1460.0,1080,7,54,0,80,0,46,oversat_all_veh_003467,149.0,1609.0,-1460.0,0.0,103990.0,J21;J22,1.0
ALL,11815a0a0294,E10 -> -E11 -> -E17,E10,-E17,3,1223,89.8119378577269,198.46443172526574,-108.65249386753884,108.65249386753884,165.79221349015657,68.0,294.0,363.0,554.0,1223,0,0,0,3,0,0,oversat_all_veh_007593,93.0,647.0,-554.0,0.0,79990.0,J17,1.0
ALL,18927aaae3eb,E18 -> E11 -> -E9,E18,-E9,3,1097,160.04375569735643,253.20510483135826,-93.16134913400182,108.1330902461258,205.19849207191328,24.0,246.0,427.0,1233.0,913,184,11,0,45,0,3,oversat_all_veh_003273,351.0,1584.0,-1233.0,0.0,127990.0,J17,1.0
ALL,8fec84d97ae3,-E5 -> -E13 -> E20 -> E19,-E5,E19,4,1223,202.70237121831562,305.7914963205233,-103.08912510220769,103.10547833197056,249.22935678060793,6.0,354.0,709.0,1436.0,1221,2,63,0,94,0,16,oversat_all_veh_002850,238.0,1674.0,-1436.0,0.0,103990.0,J21;J22,1.0
ALL,1018953d2ddc,-E3 -> -E0 -> E2,-E3,E2,3,1097,107.22151321786691,192.4831358249772,-85.2616226071103,85.41841385597083,262.6467380810441,7.0,156.0,553.0,1809.0,1096,1,31,0,65,0,22,oversat_all_veh_003553,74.0,1883.0,-1809.0,0.0,115990.0,J22,1.0
ALL,e6c16ff10116,-E4 -> -E0 -> E2,-E4,E2,3,1097,71.76207839562443,148.85870556061988,-77.09662716499544,77.09662716499544,191.88728032375045,8.0,228.0,358.0,1158.0,1097,0,22,0,33,0,16,oversat_all_veh_004248,104.0,1262.0,-1158.0,0.0,103990.0,J22,1.0
ALL,d91d5067468b,E9 -> -E11 -> E16 -> E15 -> E4,E9,E4,5,1223,127.47506132461162,183.38021259198692,-55.90515126737531,72.7391659852821,105.98052089645942,70.0,184.0,199.0,372.0,1030,166,0,0,0,0,0,west_bottleneck_veh_001065,61.0,433.0,-372.0,0.0,79990.0,J17,1.0
ALL,6ee37cdd0209,E9 -> -E11 -> -E18,E9,-E18,3,1223,62.634505314799675,130.221586263287,-67.58708094848733,67.58708094848733,96.327727426409,73.0,178.0,186.0,357.0,1223,0,0,0,0,0,0,west_bottleneck_veh_001112,39.0,396.0,-357.0,0.0,79990.0,J17,1.0
ALL,1a4078e69256,E14 -> E12 -> -E9,E14,-E9,3,1223,93.53965658217498,148.426001635323,-54.886345053148,56.783319705641865,147.75468608756208,6.0,188.0,368.0,1185.0,1209,14,6,0,25,0,3,oversat_all_veh_003782,91.0,1276.0,-1185.0,0.0,91990.0,J17;J21,1.0
ALL,3f6007450fd6,E18 -> E16 -> E15 -> E4,E18,E4,4,1097,120.97538742023701,95.88058340929808,25.094804010938926,26.429352780309937,42.924314898206596,5.0,76.0,77.0,165.0,121,920,0,0,0,0,0,light_all_seed2_veh_001306,309.0,144.0,165.0,0.0,127990.0,,0.0
ALL,e104febbb46d,-E19 -> -E20 -> E13 -> E5,-E19,E5,4,1097,79.742935278031,96.45852324521422,-16.715587967183225,16.870556061987237,31.459846932341886,7.0,73.0,75.0,184.0,1096,1,0,0,0,0,0,oversat_all_veh_013357,78.0,262.0,-184.0,0.0,115990.0,J21;J22,1.0
ALL,cc35ab4813b4,E17 -> E16 -> E15 -> E3,E17,E3,4,1097,98.92433910665451,106.30628988149499,-7.381950774840474,15.179580674567001,27.78547852337651,6.0,65.0,73.0,85.0,976,91,0,0,0,0,0,southwest_bottleneck_veh_002334,68.0,153.0,-85.0,0.0,127990.0,,0.0
ALL,31574ce50048,E14 -> E13 -> E0 -> E4,E14,E4,4,1223,121.65412919051512,136.35241210139003,-14.698282910874898,14.817661488143909,35.00991566118711,5.0,82.0,84.0,262.0,1217,1,0,0,0,0,0,oversat_all_veh_005794,99.0,361.0,-262.0,0.0,91990.0,J21;J22,1.0
ALL,cfc82f1bba5a,E14 -> E13 -> E5,E14,E5,3,1223,112.80376124284547,123.21831561733443,-10.414554374488961,10.414554374488961,25.192715919581644,6.0,10.0,11.0,203.0,1223,0,0,0,0,0,0,oversat_all_veh_013541,89.0,292.0,-203.0,0.0,91990.0,J21;J22,1.0
ALL,3f8e372d6db5,E14 -> E20 -> E19,E14,E19,3,1223,97.11201962387571,105.50449713818479,-8.392477514309077,10.289452166802944,21.761999631560123,8.0,12.0,13.0,271.0,1156,40,0,0,0,0,0,oversat_all_veh_005793,68.0,339.0,-271.0,0.0,91990.0,J21,1.0
ALL,a916eb9fd928,-E5 -> E0 -> E3,-E5,E3,3,1223,89.38838920686835,95.72853638593622,-6.340147179067866,6.340147179067866,7.905616579860662,6.0,8.0,9.0,98.0,1223,0,0,0,0,0,0,oversat_all_veh_013549,62.0,160.0,-98.0,0.0,103990.0,J22,1.0
ALL,098e35e118ee,-E4 -> E3,-E4,E3,2,1097,48.315405651777574,53.84958979033728,-5.534184138559708,5.665451230628988,7.433754840595837,5.0,7.0,8.0,87.0,1096,1,0,0,0,0,0,free_all_veh_000145,20.0,107.0,-87.0,0.0,103990.0,,0.0
ALL,250f0d385d96,-E3 -> E4,-E3,E4,2,1097,40.15587967183227,44.84503190519599,-4.6891522333637194,4.804010938924339,6.076540060482981,4.0,7.0,8.0,74.0,1096,1,0,0,0,0,0,light_all_seed2_veh_003060,20.0,94.0,-74.0,0.0,115990.0,,0.0
ALL,6caaaa0b7492,-E2 -> E0 -> E4,-E2,E4,3,1223,95.56173344235486,95.39983646770237,0.16189697465249386,1.9901880621422732,6.0099399811702785,1.0,3.0,4.0,90.0,313,723,0,0,0,0,0,oversat_all_veh_013586,67.0,157.0,-90.0,0.0,91990.0,J22,1.0
east_bottleneck,e3621f02f2a0,-E5 -> -E13 -> -E14,-E5,-E14,3,334,84.88023952095809,102.54790419161677,-17.667664670658684,17.667664670658684,28.847679677133325,11.0,16.0,98.0,105.0,334,0,0,0,0,0,0,east_bottleneck_veh_001369,56.0,161.0,-105.0,94000.0,103990.0,J21;J22,1.0
east_bottleneck,a916eb9fd928,-E5 -> E0 -> E3,-E5,E3,3,334,90.90718562874251,97.5688622754491,-6.661676646706587,6.661676646706587,6.817773531596933,7.0,8.0,9.0,12.0,334,0,0,0,0,0,0,east_bottleneck_veh_001106,62.0,74.0,-12.0,94000.0,103990.0,J22,1.0
east_bottleneck,55e9af98fb6e,-E4 -> -E15 -> -E16 -> -E18,-E4,-E18,4,334,72.90718562874251,79.50299401197604,-6.595808383233533,6.595808383233533,6.775042258524327,6.0,9.0,9.0,12.0,334,0,0,0,0,0,0,east_bottleneck_veh_000119,73.0,85.0,-12.0,94000.0,103990.0,,0.0
east_bottleneck,e6c16ff10116,-E4 -> -E0 -> E2,-E4,E2,3,334,71.90718562874251,78.41317365269461,-6.505988023952096,6.505988023952096,6.651954825012869,6.0,8.0,9.0,11.0,334,0,0,0,0,0,0,east_bottleneck_veh_000896,43.0,54.0,-11.0,94000.0,103990.0,J22,1.0
east_bottleneck,8fec84d97ae3,-E5 -> -E13 -> E20 -> E19,-E5,E19,4,334,209.0868263473054,215.5868263473054,-6.5,6.5,6.653754961660398,6.0,8.0,9.0,12.0,334,0,0,0,0,0,0,east_bottleneck_veh_001772,180.0,192.0,-12.0,94000.0,103990.0,J21;J22,1.0
east_bottleneck,160fb44579b4,-E5 -> -E13 -> E12 -> -E11 -> -E18,-E5,-E18,5,334,210.0868263473054,216.54790419161677,-6.461077844311378,6.461077844311378,6.609283980170539,6.0,8.0,9.0,14.0,334,0,0,0,0,0,0,east_bottleneck_veh_001195,181.0,195.0,-14.0,94000.0,103990.0,J17;J21;J22,1.0
east_bottleneck,91530330da2b,-E4 -> -E0 -> -E13 -> -E14,-E4,-E14,4,334,171.90718562874252,177.97904191616766,-6.07185628742515,6.07185628742515,6.432049244605482,6.0,9.0,10.0,14.0,334,0,0,0,0,0,0,east_bottleneck_veh_000414,143.0,157.0,-14.0,94000.0,103990.0,J21;J22,1.0
east_bottleneck,098e35e118ee,-E4 -> E3,-E4,E3,2,334,44.99101796407186,50.40119760479042,-5.410179640718563,5.410179640718563,5.629530776758137,5.0,7.0,8.0,12.0,334,0,0,0,0,0,0,east_bottleneck_veh_000437,43.0,55.0,-12.0,94000.0,103990.0,,0.0
free_all,529f6a3ed00c,E9 -> -E12 -> E20 -> E15 -> -E0 -> E5,E9,E5,6,50,135.2,148.52,-13.32,13.32,25.242028444639704,8.0,11.0,96.0,100.0,50,0,0,0,0,0,0,free_all_veh_000452,93.0,193.0,-100.0,0.0,10000.0,J17;J21;J22,1.0
free_all,6ee37cdd0209,E9 -> -E11 -> -E18,E9,-E18,3,50,55.4,68.56,-13.16,13.16,22.452616773997637,7.0,12.0,75.0,77.0,50,0,0,0,0,0,0,free_all_veh_000620,26.0,103.0,-77.0,0.0,10000.0,J17,1.0
free_all,cc35ab4813b4,E17 -> E16 -> E15 -> E3,E17,E3,4,50,66.02,79.08,-13.06,13.06,20.18563845906292,9.0,15.0,72.0,73.0,50,0,0,0,0,0,0,free_all_veh_000572,32.0,105.0,-73.0,0.0,10000.0,,0.0
free_all,9ad069c9b349,E9 -> -E12 -> E13 -> E5,E9,E5,4,50,84.68,96.96,-12.28,12.28,24.64305175906588,7.0,9.0,96.0,98.0,50,0,0,0,0,0,0,free_all_veh_000453,41.0,139.0,-98.0,0.0,10000.0,J17;J21;J22,1.0
free_all,e6c16ff10116,-E4 -> -E0 -> E2,-E4,E2,3,50,67.56,78.34,-10.78,10.78,24.035390573069538,5.0,8.0,95.0,96.0,50,0,0,0,0,0,0,free_all_veh_000271,27.0,123.0,-96.0,0.0,10000.0,J22,1.0
free_all,36e8623f4e0a,E10 -> -E11 -> E16 -> E15 -> E4,E10,E4,5,50,138.28,148.84,-10.56,10.56,20.038962048968504,7.0,10.0,13.0,94.0,50,0,0,0,0,0,0,free_all_veh_000255,99.0,193.0,-94.0,0.0,10000.0,J17,1.0
free_all,09ec625f32b1,E9 -> -E12 -> -E14,E9,-E14,3,50,59.6,69.68,-10.08,10.08,22.47754434986171,5.0,8.0,87.0,93.0,50,0,0,0,0,0,0,free_all_veh_000783,26.0,119.0,-93.0,0.0,10000.0,J17;J21,1.0
free_all,346fa50c7560,-E19 -> -E16 -> E11 -> -E10,-E19,-E10,4,50,73.04,82.52,-9.48,9.48,20.33027299374015,5.0,8.0,17.0,99.0,50,0,0,0,0,0,0,free_all_veh_001304,33.0,132.0,-99.0,0.0,10000.0,J17,1.0
free_all,e104febbb46d,-E19 -> -E20 -> E13 -> E5,-E19,E5,4,50,83.0,89.06,-6.06,9.46,19.42730037859095,6.0,8.0,11.0,99.0,49,1,0,0,0,0,0,free_all_veh_000360,39.0,138.0,-99.0,0.0,10000.0,J21;J22,1.0
free_all,0fc76bc3c2fc,-E2 -> -E13 -> E20 -> E19,-E2,E19,4,50,151.12,160.04,-8.92,8.92,20.00799840063968,5.0,7.0,9.0,97.0,50,0,0,0,0,0,0,free_all_veh_001534,107.0,204.0,-97.0,0.0,10000.0,J21;J22,1.0
free_all,11b6fa0ab926,E10 -> -E12 -> E13 -> E5,E10,E5,4,50,96.32,105.0,-8.68,8.68,16.110865898517062,6.5,9.0,10.0,103.0,50,0,0,0,0,0,0,free_all_veh_001360,52.0,155.0,-103.0,0.0,10000.0,J17;J21;J22,1.0
free_all,1a4078e69256,E14 -> E12 -> -E9,E14,-E9,3,50,95.0,103.6,-8.6,8.6,19.553004884160387,5.0,6.0,8.0,95.0,50,0,0,0,0,0,0,free_all_veh_000092,52.0,147.0,-95.0,0.0,10000.0,J17;J21,1.0
free_all,55e9af98fb6e,-E4 -> -E15 -> -E16 -> -E18,-E4,-E18,4,50,73.46,81.86,-8.4,8.4,19.23642378406132,5.0,7.0,8.0,94.0,50,0,0,0,0,0,0,free_all_veh_001336,32.0,126.0,-94.0,0.0,10000.0,,0.0
free_all,209c0f416794,E17 -> E11 -> -E12 -> E13 -> E5,E17,E5,5,50,186.68,194.84,-8.16,8.16,19.346317479044945,5.0,6.0,7.0,96.0,50,0,0,0,0,0,0,free_all_veh_000779,143.0,239.0,-96.0,0.0,10000.0,J17;J21;J22,1.0
free_all,098e35e118ee,-E4 -> E3,-E4,E3,2,50,51.36,59.26,-7.9,7.9,17.6459627110566,5.0,6.0,9.0,87.0,50,0,0,0,0,0,0,free_all_veh_000145,20.0,107.0,-87.0,0.0,10000.0,,0.0
free_all,31574ce50048,E14 -> E13 -> E0 -> E4,E14,E4,4,50,113.32,121.16,-7.84,7.84,15.16047492659778,6.0,9.0,10.0,98.0,50,0,0,0,0,0,0,free_all_veh_001038,70.0,168.0,-98.0,0.0,10000.0,J21;J22,1.0
free_all,8fec84d97ae3,-E5 -> -E13 -> E20 -> E19,-E5,E19,4,50,193.8,200.44,-6.64,6.64,14.299650345375582,5.0,6.0,7.0,95.0,50,0,0,0,0,0,0,free_all_veh_001005,150.0,245.0,-95.0,0.0,10000.0,J21;J22,1.0
free_all,d91d5067468b,E9 -> -E11 -> E16 -> E15 -> E4,E9,E4,5,50,98.02,101.12,-3.1,6.58,13.527010016999322,5.0,9.0,11.0,86.0,44,2,0,0,0,0,0,free_all_veh_000946,141.0,55.0,86.0,0.0,10000.0,J17,1.0
free_all,160fb44579b4,-E5 -> -E13 -> E12 -> -E11 -> -E18,-E5,-E18,5,50,193.0,199.58,-6.58,6.58,14.024977718342372,5.0,6.0,7.0,93.0,50,0,0,0,0,0,0,free_all_veh_001619,150.0,243.0,-93.0,0.0,10000.0,J17;J21;J22,1.0
free_all,3b4ce934fe24,E17 -> E11 -> -E12 -> -E14,E17,-E14,4,50,176.8,183.16,-6.36,6.36,13.957077057894322,5.0,6.0,6.0,93.0,50,0,0,0,0,0,0,free_all_veh_000163,135.0,228.0,-93.0,0.0,10000.0,J17;J21,1.0
free_all,1018953d2ddc,-E3 -> -E0 -> E2,-E3,E2,3,50,113.0,115.86,-2.86,6.3,13.048371545905642,5.0,6.0,6.0,86.0,49,1,0,0,0,0,0,free_all_veh_000970,158.0,72.0,86.0,0.0,10000.0,J22,1.0
free_all,4130f8916f02,E18 -> E11 -> -E12 -> E13 -> E5,E18,E5,5,50,159.04,165.2,-6.16,6.16,6.248199740725323,6.0,8.0,8.0,9.0,50,0,0,0,0,0,0,free_all_veh_000488,131.0,140.0,-9.0,0.0,10000.0,J17;J21;J22,1.0
free_all,a8e523103c04,-E3 -> -E0 -> -E13 -> -E14,-E3,-E14,4,50,128.72,134.84,-6.12,6.12,13.889564428015731,4.5,6.0,7.0,93.0,50,0,0,0,0,0,0,free_all_veh_000193,84.0,177.0,-93.0,0.0,10000.0,J21;J22,1.0
free_all,11815a0a0294,E10 -> -E11 -> -E17,E10,-E17,3,50,85.26,91.28,-6.02,6.02,14.25833089811006,4.0,6.0,8.0,96.0,50,0,0,0,0,0,0,free_all_veh_001484,42.0,138.0,-96.0,0.0,10000.0,J17,1.0
free_all,1acb8cba4d57,-E2 -> -E13 -> E12 -> -E11 -> -E17,-E2,-E17,5,50,151.6,157.18,-5.58,5.58,14.004999107461591,3.0,5.0,8.0,95.0,50,0,0,0,0,0,0,free_all_veh_000918,109.0,204.0,-95.0,0.0,10000.0,J17;J21;J22,1.0
free_all,11c3be71c875,-E19 -> -E16 -> -E17,-E19,-E17,3,50,69.46,74.6,-5.14,5.58,13.81231334715514,4.0,6.0,6.0,93.0,40,9,0,0,0,0,0,free_all_veh_000235,26.0,119.0,-93.0,0.0,10000.0,,0.0
free_all,a9fb59fe185d,-E2 -> -E13 -> -E14,-E2,-E14,3,50,54.68,60.12,-5.44,5.44,5.837807807730569,5.5,7.0,8.0,14.0,50,0,0,0,0,0,0,free_all_veh_000916,26.0,40.0,-14.0,0.0,10000.0,J21;J22,1.0
free_all,bc9c2e0fd984,E18 -> E11 -> -E12 -> -E14,E18,-E14,4,50,150.5,155.92,-5.42,5.42,5.544366510251645,5.0,7.0,8.0,8.0,50,0,0,0,0,0,0,free_all_veh_000364,195.0,203.0,-8.0,0.0,10000.0,J17;J21,1.0
free_all,3f8e372d6db5,E14 -> E20 -> E19,E14,E19,3,50,95.36,100.66,-5.3,5.3,5.420332093147061,5.0,7.0,7.0,8.0,50,0,0,0,0,0,0,free_all_veh_000873,135.0,143.0,-8.0,0.0,10000.0,J21,1.0
free_all,250f0d385d96,-E3 -> E4,-E3,E4,2,50,44.24,46.82,-2.58,5.1,9.82344135219425,4.0,6.0,7.0,63.0,49,1,0,0,0,0,0,free_all_veh_000969,86.0,23.0,63.0,0.0,10000.0,,0.0
free_all,bb0c3598f044,-E19 -> E15 -> E4,-E19,E4,3,50,86.0,90.9,-4.9,4.9,4.973932046178355,5.0,6.0,6.0,8.0,50,0,0,0,0,0,0,free_all_veh_001302,118.0,126.0,-8.0,0.0,10000.0,,0.0
free_all,8522097d81df,E17 -> E11 -> -E10,E17,-E10,3,50,113.0,117.9,-4.9,4.9,4.985980344927164,5.0,6.0,6.0,8.0,50,0,0,0,0,0,0,free_all_veh_000899,89.0,97.0,-8.0,0.0,10000.0,J17,1.0
free_all,cfc82f1bba5a,E14 -> E13 -> E5,E14,E5,3,50,105.8,110.66,-4.86,4.86,4.961854492022111,5.0,6.0,7.0,8.0,50,0,0,0,0,0,0,free_all_veh_001282,100.0,108.0,-8.0,0.0,10000.0,J21;J22,1.0
free_all,a916eb9fd928,-E5 -> E0 -> E3,-E5,E3,3,50,86.0,90.78,-4.78,4.78,4.851803788283282,5.0,6.0,6.0,7.0,50,0,0,0,0,0,0,free_all_veh_000470,105.0,112.0,-7.0,0.0,10000.0,J22,1.0
free_all,18927aaae3eb,E18 -> E11 -> -E9,E18,-E9,3,50,113.0,117.62,-4.62,4.62,4.688283267892417,5.0,6.0,6.0,6.0,50,0,0,0,0,0,0,free_all_veh_000198,76.0,82.0,-6.0,0.0,10000.0,J17,1.0
free_all,e3621f02f2a0,-E5 -> -E13 -> -E14,-E5,-E14,3,50,95.82,100.4,-4.58,4.58,4.847679857416329,4.0,7.0,7.0,8.0,50,0,0,0,0,0,0,free_all_veh_001330,132.0,140.0,-8.0,0.0,10000.0,J21;J22,1.0
free_all,3f6007450fd6,E18 -> E16 -> E15 -> E4,E18,E4,4,50,96.54,97.52,-0.98,4.58,12.599206324209474,4.0,6.0,7.0,85.0,31,6,0,0,0,0,0,free_all_veh_000978,139.0,54.0,85.0,0.0,10000.0,,0.0
free_all,91530330da2b,-E4 -> -E0 -> -E13 -> -E14,-E4,-E14,4,50,167.06,170.62,-3.56,3.56,3.757658845611187,3.0,5.0,6.0,7.0,50,0,0,0,0,0,0,free_all_veh_001335,130.0,137.0,-7.0,0.0,10000.0,J21;J22,1.0
free_all,5706b7fad304,E10 -> -E11 -> E16 -> E19,E10,E19,4,50,131.0,134.54,-3.54,3.54,3.712142238654117,4.0,4.0,6.0,7.0,50,0,0,0,0,0,0,free_all_veh_000006,145.0,152.0,-7.0,0.0,10000.0,J17,1.0
free_all,7a1449444338,-E3 -> -E15 -> -E16 -> -E17,-E3,-E17,4,50,78.5,81.42,-2.92,3.08,4.445222154178574,2.0,8.0,9.0,13.0,38,3,0,0,0,0,0,free_all_veh_000889,96.0,109.0,-13.0,0.0,10000.0,,0.0
free_all,6caaaa0b7492,-E2 -> E0 -> E4,-E2,E4,3,50,92.12,92.44,-0.32,2.4,2.8495613697550013,2.0,5.0,5.0,6.0,16,31,0,0,0,0,0,free_all_veh_000917,47.0,53.0,-6.0,0.0,10000.0,J22,1.0
heavy_all,d91d5067468b,E9 -> -E11 -> E16 -> E15 -> E4,E9,E4,5,201,140.59701492537314,109.46268656716418,31.134328358208954,35.243781094527364,50.893802220679206,6.0,83.0,84.0,85.0,92,95,0,0,0,0,0,heavy_all_veh_003119,221.0,136.0,85.0,46000.0,56000.0,J17,1.0
heavy_all,9ad069c9b349,E9 -> -E12 -> E13 -> E5,E9,E5,4,201,93.87562189054727,125.4776119402985,-31.601990049751244,31.601990049751244,47.13703954972605,14.0,92.0,93.0,97.0,201,0,0,0,0,0,0,heavy_all_veh_003897,54.0,151.0,-97.0,46000.0,56000.0,J17;J21;J22,1.0
heavy_all,529f6a3ed00c,E9 -> -E12 -> E20 -> E15 -> -E0 -> E5,E9,E5,6,201,139.47761194029852,167.7462686567164,-28.26865671641791,28.26865671641791,45.961697226498266,10.0,97.0,97.0,104.0,201,0,0,0,0,0,0,heavy_all_veh_003814,110.0,214.0,-104.0,46000.0,56000.0,J17;J21;J22,1.0
heavy_all,cc35ab4813b4,E17 -> E16 -> E15 -> E3,E17,E3,4,201,87.09452736318408,99.56218905472637,-12.467661691542288,25.383084577114428,38.766811471177135,8.0,74.0,77.0,80.0,181,20,0,0,0,0,0,heavy_all_veh_007706,72.0,152.0,-80.0,46000.0,56000.0,,0.0
heavy_all,4130f8916f02,E18 -> E11 -> -E12 -> E13 -> E5,E18,E5,5,201,159.52238805970148,178.23383084577114,-18.71144278606965,18.71144278606965,30.973508179656108,11.0,16.0,96.0,100.0,201,0,0,0,0,0,0,heavy_all_veh_006310,121.0,221.0,-100.0,46000.0,56000.0,J17;J21;J22,1.0
heavy_all,36e8623f4e0a,E10 -> -E11 -> E16 -> E15 -> E4,E10,E4,5,201,169.34328358208955,152.60199004975124,16.741293532338307,17.70646766169154,34.56704495635873,2.0,74.0,76.0,78.0,39,141,0,0,0,0,0,heavy_all_veh_004232,209.0,131.0,78.0,46000.0,56000.0,J17,1.0
heavy_all,09ec625f32b1,E9 -> -E12 -> -E14,E9,-E14,3,201,60.55721393034826,78.22388059701493,-17.666666666666668,17.666666666666668,29.71146486255107,10.0,14.0,94.0,96.0,201,0,0,0,0,0,0,heavy_all_veh_001480,26.0,122.0,-96.0,46000.0,56000.0,J17;J21,1.0
heavy_all,0fc76bc3c2fc,-E2 -> -E13 -> E20 -> E19,-E2,E19,4,201,150.4726368159204,167.14427860696517,-16.671641791044777,16.671641791044777,30.77142500786932,8.0,12.0,94.0,97.0,201,0,0,0,0,0,0,heavy_all_veh_000960,111.0,208.0,-97.0,46000.0,56000.0,J21;J22,1.0
heavy_all,11b6fa0ab926,E10 -> -E12 -> E13 -> E5,E10,E5,4,201,103.19402985074628,116.33333333333333,-13.139303482587065,13.139303482587065,13.256932852538569,13.0,15.0,16.0,19.0,201,0,0,0,0,0,0,heavy_all_veh_001442,85.0,104.0,-19.0,46000.0,56000.0,J17;J21;J22,1.0
heavy_all,346fa50c7560,-E19 -> -E16 -> E11 -> -E10,-E19,-E10,4,201,72.28358208955224,85.22885572139303,-12.945273631840797,12.945273631840797,27.07847449718184,6.0,12.0,92.0,98.0,201,0,0,0,0,0,0,heavy_all_veh_000935,34.0,132.0,-98.0,46000.0,56000.0,J17,1.0
heavy_all,3f8e372d6db5,E14 -> E20 -> E19,E14,E19,3,201,104.19402985074628,109.85572139303483,-5.661691542288557,12.885572139303482,19.585251837855925,10.0,12.0,13.0,83.0,192,9,0,0,0,0,0,heavy_all_veh_001816,144.0,61.0,83.0,46000.0,56000.0,J21,1.0
heavy_all,a9fb59fe185d,-E2 -> -E13 -> -E14,-E2,-E14,3,201,58.850746268656714,70.5273631840796,-11.676616915422885,11.676616915422885,12.06099754131234,12.0,15.0,16.0,20.0,201,0,0,0,0,0,0,heavy_all_veh_003376,37.0,57.0,-20.0,46000.0,56000.0,J21;J22,1.0
heavy_all,e3621f02f2a0,-E5 -> -E13 -> -E14,-E5,-E14,3,201,96.06965174129353,106.98009950248756,-10.91044776119403,10.91044776119403,15.90847579091252,10.0,13.0,14.0,103.0,201,0,0,0,0,0,0,heavy_all_veh_002847,56.0,159.0,-103.0,46000.0,56000.0,J21;J22,1.0
heavy_all,55e9af98fb6e,-E4 -> -E15 -> -E16 -> -E18,-E4,-E18,4,201,72.59203980099502,83.08955223880596,-10.497512437810945,10.497512437810945,22.12267920762273,6.0,8.0,14.0,97.0,201,0,0,0,0,0,0,heavy_all_veh_002566,33.0,130.0,-97.0,46000.0,56000.0,,0.0
heavy_all,209c0f416794,E17 -> E11 -> -E12 -> E13 -> E5,E17,E5,5,201,187.6417910447761,197.86567164179104,-10.223880597014926,10.223880597014926,12.144855389744702,10.0,13.0,14.0,98.0,201,0,0,0,0,0,0,heavy_all_veh_007544,148.0,246.0,-98.0,46000.0,56000.0,J17;J21;J22,1.0
heavy_all,6ee37cdd0209,E9 -> -E11 -> -E18,E9,-E18,3,201,58.00995024875622,67.65174129353234,-9.64179104477612,9.64179104477612,14.035846077966875,8.0,12.0,14.0,79.0,201,0,0,0,0,0,0,heavy_all_veh_002137,26.0,105.0,-79.0,46000.0,56000.0,J17,1.0
heavy_all,bc9c2e0fd984,E18 -> E11 -> -E12 -> -E14,E18,-E14,4,201,149.20398009950247,158.22388059701493,-9.019900497512438,9.019900497512438,12.85723367258458,8.0,10.0,11.0,100.0,201,0,0,0,0,0,0,heavy_all_veh_008154,110.0,210.0,-100.0,46000.0,56000.0,J17;J21,1.0
heavy_all,1a4078e69256,E14 -> E12 -> -E9,E14,-E9,3,201,100.44278606965175,102.80597014925372,-2.36318407960199,8.960199004975124,17.543549224800127,6.0,7.0,9.0,83.0,193,8,0,0,0,0,0,heavy_all_veh_001076,140.0,57.0,83.0,46000.0,56000.0,J17;J21,1.0
heavy_all,e104febbb46d,-E19 -> -E20 -> E13 -> E5,-E19,E5,4,201,83.64179104477611,92.51243781094527,-8.870646766169154,8.870646766169154,11.494536881034083,8.0,11.0,11.0,82.0,201,0,0,0,0,0,0,heavy_all_veh_001426,54.0,136.0,-82.0,46000.0,56000.0,J21;J22,1.0
heavy_all,bb0c3598f044,-E19 -> E15 -> E4,-E19,E4,3,201,92.88059701492537,92.0,0.8805970149253731,8.482587064676617,10.29393870825707,7.0,12.0,13.0,81.0,114,87,0,0,0,0,0,heavy_all_veh_000400,62.0,143.0,-81.0,46000.0,56000.0,,0.0
heavy_all,a8e523103c04,-E3 -> -E0 -> -E13 -> -E14,-E3,-E14,4,201,133.49253731343285,141.318407960199,-7.825870646766169,8.104477611940299,13.554570010118505,8.0,10.0,11.0,95.0,182,19,0,0,0,0,0,heavy_all_veh_008065,93.0,188.0,-95.0,46000.0,56000.0,J21;J22,1.0
heavy_all,e6c16ff10116,-E4 -> -E0 -> E2,-E4,E2,3,201,73.35820895522389,81.363184079602,-8.00497512437811,8.00497512437811,8.10840728236541,8.0,10.0,10.0,13.0,201,0,0,0,0,0,0,heavy_all_veh_003674,34.0,47.0,-13.0,46000.0,56000.0,J22,1.0
heavy_all,11815a0a0294,E10 -> -E11 -> -E17,E10,-E17,3,201,91.363184079602,99.11442786069652,-7.751243781094527,7.751243781094527,7.917484901417817,8.0,10.0,11.0,15.0,201,0,0,0,0,0,0,heavy_all_veh_004969,72.0,87.0,-15.0,46000.0,56000.0,J17,1.0
heavy_all,11c3be71c875,-E19 -> -E16 -> -E17,-E19,-E17,3,201,65.51243781094527,72.6318407960199,-7.119402985074627,7.119402985074627,13.006121788607837,6.0,7.0,8.0,95.0,201,0,0,0,0,0,0,heavy_all_veh_001670,27.0,122.0,-95.0,46000.0,56000.0,,0.0
heavy_all,cfc82f1bba5a,E14 -> E13 -> E5,E14,E5,3,201,107.29353233830845,113.3731343283582,-6.079601990049751,6.079601990049751,6.217452566599157,6.0,8.0,8.0,11.0,201,0,0,0,0,0,0,heavy_all_veh_001405,127.0,138.0,-11.0,46000.0,56000.0,J21;J22,1.0
heavy_all,1018953d2ddc,-E3 -> -E0 -> E2,-E3,E2,3,201,112.43781094527363,118.37810945273633,-5.940298507462686,5.940298507462686,6.033076325577919,6.0,7.0,8.0,11.0,201,0,0,0,0,0,0,heavy_all_veh_000314,83.0,94.0,-11.0,46000.0,56000.0,J22,1.0
heavy_all,18927aaae3eb,E18 -> E11 -> -E9,E18,-E9,3,201,112.43781094527363,118.37810945273633,-5.940298507462686,5.940298507462686,6.074987459807297,6.0,7.0,8.0,13.0,201,0,0,0,0,0,0,heavy_all_veh_000157,103.0,116.0,-13.0,46000.0,56000.0,J17,1.0
heavy_all,a916eb9fd928,-E5 -> E0 -> E3,-E5,E3,3,201,90.59203980099502,96.43283582089552,-5.840796019900497,5.840796019900497,5.933294203012563,6.0,7.0,8.0,9.0,201,0,0,0,0,0,0,heavy_all_veh_002684,81.0,90.0,-9.0,46000.0,56000.0,J22,1.0
heavy_all,3b4ce934fe24,E17 -> E11 -> -E12 -> -E14,E17,-E14,4,201,177.44278606965173,183.273631840796,-5.830845771144278,5.830845771144278,5.943347801077867,6.0,7.0,8.0,9.0,201,0,0,0,0,0,0,heavy_all_veh_000286,168.0,177.0,-9.0,46000.0,56000.0,J17;J21,1.0
heavy_all,8fec84d97ae3,-E5 -> -E13 -> E20 -> E19,-E5,E19,4,201,198.29353233830847,204.10945273631842,-5.8159203980099505,5.8159203980099505,5.902609255227767,6.0,7.0,7.0,9.0,201,0,0,0,0,0,0,heavy_all_veh_006458,159.0,168.0,-9.0,46000.0,56000.0,J21;J22,1.0
heavy_all,1acb8cba4d57,-E2 -> -E13 -> E12 -> -E11 -> -E17,-E2,-E17,5,201,149.59203980099502,155.39303482587064,-5.800995024875622,5.800995024875622,10.734702177786357,5.0,7.0,7.0,97.0,201,0,0,0,0,0,0,heavy_all_veh_003173,110.0,207.0,-97.0,46000.0,56000.0,J17;J21;J22,1.0
heavy_all,31574ce50048,E14 -> E13 -> E0 -> E4,E14,E4,4,201,114.95522388059702,120.74626865671642,-5.791044776119403,5.791044776119403,8.543712593224441,5.0,8.0,9.0,91.0,201,0,0,0,0,0,0,heavy_all_veh_001735,95.0,186.0,-91.0,46000.0,56000.0,J21;J22,1.0
heavy_all,098e35e118ee,-E4 -> E3,-E4,E3,2,201,53.208955223880594,58.766169154228855,-5.557213930348259,5.557213930348259,5.700222567008487,5.0,7.0,8.0,12.0,201,0,0,0,0,0,0,heavy_all_veh_003466,20.0,32.0,-12.0,46000.0,56000.0,,0.0
heavy_all,5706b7fad304,E10 -> -E11 -> E16 -> E19,E10,E19,4,201,135.59203980099502,140.4179104477612,-4.825870646766169,4.825870646766169,5.0490134990345235,5.0,7.0,8.0,10.0,201,0,0,0,0,0,0,heavy_all_veh_001728,106.0,116.0,-10.0,46000.0,56000.0,J17,1.0
heavy_all,160fb44579b4,-E5 -> -E13 -> E12 -> -E11 -> -E18,-E5,-E18,5,201,200.92537313432837,205.47761194029852,-4.552238805970149,4.800995024875622,5.204762457481222,5.0,7.0,7.0,10.0,177,16,0,0,0,0,0,heavy_all_veh_002685,170.0,180.0,-10.0,46000.0,56000.0,J17;J21;J22,1.0
heavy_all,250f0d385d96,-E3 -> E4,-E3,E4,2,201,43.601990049751244,48.33830845771144,-4.736318407960199,4.736318407960199,5.062789823409609,4.0,7.0,8.0,13.0,201,0,0,0,0,0,0,heavy_all_veh_003265,20.0,33.0,-13.0,46000.0,56000.0,,0.0
heavy_all,91530330da2b,-E4 -> -E0 -> -E13 -> -E14,-E4,-E14,4,201,172.2537313432836,176.80597014925374,-4.552238805970149,4.621890547263682,5.034705424001255,5.0,7.0,8.0,11.0,187,4,0,0,0,0,0,heavy_all_veh_008100,132.0,143.0,-11.0,46000.0,56000.0,J21;J22,1.0
heavy_all,3f6007450fd6,E18 -> E16 -> E15 -> E4,E18,E4,4,201,104.33830845771145,100.13432835820896,4.203980099502488,4.373134328358209,5.052461101688919,4.0,8.0,9.0,10.0,7,186,0,0,0,0,0,heavy_all_veh_000199,137.0,127.0,10.0,46000.0,56000.0,,0.0
heavy_all,8522097d81df,E17 -> E11 -> -E10,E17,-E10,3,201,117.44278606965175,121.24875621890547,-3.8059701492537314,3.81592039800995,4.550982617640903,5.0,6.0,7.0,9.0,159,1,0,0,0,0,0,heavy_all_veh_007541,76.0,85.0,-9.0,46000.0,56000.0,J17,1.0
heavy_all,7a1449444338,-E3 -> -E15 -> -E16 -> -E17,-E3,-E17,4,201,79.17412935323384,80.8905472636816,-1.7164179104477613,2.6417910447761193,7.199018728046633,2.0,5.0,6.0,93.0,116,46,0,0,0,0,0,heavy_all_veh_006834,40.0,133.0,-93.0,46000.0,56000.0,,0.0
heavy_all,6caaaa0b7492,-E2 -> E0 -> E4,-E2,E4,3,201,94.3681592039801,93.53233830845771,0.835820895522388,1.3830845771144278,1.666169079951094,1.0,2.0,3.0,5.0,32,137,0,0,0,0,0,heavy_all_veh_001778,134.0,139.0,-5.0,46000.0,56000.0,J22,1.0
light_all_seed1,529f6a3ed00c,E9 -> -E12 -> E20 -> E15 -> -E0 -> E5,E9,E5,6,98,138.66326530612244,176.64285714285714,-37.97959183673469,37.97959183673469,63.25103854918922,10.0,98.0,101.0,273.0,98,0,0,0,0,0,0,light_all_seed1_veh_001354,94.0,367.0,-273.0,11014.43,20973.24,J17;J21;J22,1.0
light_all_seed1,9ad069c9b349,E9 -> -E12 -> E13 -> E5,E9,E5,4,98,99.3061224489796,137.0408163265306,-37.734693877551024,37.734693877551024,64.02088307253935,11.0,95.0,174.0,263.0,98,0,0,0,0,0,0,light_all_seed1_veh_001314,115.0,378.0,-263.0,11014.43,20973.24,J17;J21;J22,1.0
light_all_seed1,209c0f416794,E17 -> E11 -> -E12 -> E13 -> E5,E17,E5,5,98,190.0,218.42857142857142,-28.428571428571427,28.428571428571427,58.67273468927767,7.0,100.0,188.0,198.0,98,0,0,0,0,0,0,light_all_seed1_veh_001271,153.0,351.0,-198.0,11014.43,20973.24,J17;J21;J22,1.0
light_all_seed1,4130f8916f02,E18 -> E11 -> -E12 -> E13 -> E5,E18,E5,5,98,164.39795918367346,188.55102040816325,-24.153061224489797,24.153061224489797,43.79206432630441,9.0,96.0,101.0,195.0,98,0,0,0,0,0,0,light_all_seed1_veh_001021,122.0,317.0,-195.0,11014.43,20973.24,J17;J21;J22,1.0
light_all_seed1,09ec625f32b1,E9 -> -E12 -> -E14,E9,-E14,3,98,63.88775510204081,86.64285714285714,-22.755102040816325,22.755102040816325,46.357307945997036,8.0,90.0,98.0,190.0,96,0,0,0,0,0,0,light_all_seed1_veh_001357,34.0,224.0,-190.0,11014.43,20973.24,J17;J21,1.0
light_all_seed1,d91d5067468b,E9 -> -E11 -> E16 -> E15 -> E4,E9,E4,5,98,126.81632653061224,120.36734693877551,6.448979591836735,19.285714285714285,33.66643092798183,6.0,69.0,78.0,90.0,66,31,0,0,0,0,0,light_all_seed1_veh_000536,63.0,153.0,-90.0,11014.43,20973.24,J17,1.0
light_all_seed1,cc35ab4813b4,E17 -> E16 -> E15 -> E3,E17,E3,4,98,68.62244897959184,87.5,-18.877551020408163,18.877551020408163,31.62019504515868,8.0,74.0,75.0,79.0,96,0,0,0,0,0,0,light_all_seed1_veh_003196,70.0,149.0,-79.0,11014.43,20973.24,,0.0
light_all_seed1,6ee37cdd0209,E9 -> -E11 -> -E18,E9,-E18,3,98,60.80612244897959,75.86734693877551,-15.061224489795919,15.061224489795919,26.507988784284542,8.0,74.0,80.0,84.0,98,0,0,0,0,0,0,light_all_seed1_veh_001399,77.0,161.0,-84.0,11014.43,20973.24,J17,1.0
light_all_seed1,a9fb59fe185d,-E2 -> -E13 -> -E14,-E2,-E14,3,98,59.86734693877551,74.63265306122449,-14.76530612244898,14.76530612244898,26.04764081134287,8.0,18.0,86.0,91.0,98,0,0,0,0,0,0,light_all_seed1_veh_001449,69.0,160.0,-91.0,11014.43,20973.24,J21;J22,1.0
light_all_seed1,3b4ce934fe24,E17 -> E11 -> -E12 -> -E14,E17,-E14,4,98,179.73469387755102,194.23469387755102,-14.5,14.5,30.297336045081117,5.0,86.0,94.0,100.0,98,0,0,0,0,0,0,light_all_seed1_veh_001106,142.0,242.0,-100.0,11014.43,20973.24,J17;J21,1.0
light_all_seed1,346fa50c7560,-E19 -> -E16 -> E11 -> -E10,-E19,-E10,4,98,74.36734693877551,88.64285714285714,-14.275510204081632,14.275510204081632,27.710419465225993,6.0,16.0,93.0,99.0,98,0,0,0,0,0,0,light_all_seed1_veh_001345,40.0,139.0,-99.0,11014.43,20973.24,J17,1.0
light_all_seed1,11b6fa0ab926,E10 -> -E12 -> E13 -> E5,E10,E5,4,98,104.0204081632653,117.79591836734694,-13.775510204081632,13.775510204081632,22.17647218038403,10.0,16.0,84.0,94.0,98,0,0,0,0,0,0,light_all_seed1_veh_001237,70.0,164.0,-94.0,11014.43,20973.24,J17;J21;J22,1.0
light_all_seed1,bc9c2e0fd984,E18 -> E11 -> -E12 -> -E14,E18,-E14,4,98,153.76530612244898,167.40816326530611,-13.642857142857142,13.642857142857142,27.926835897847543,6.0,11.0,94.0,100.0,98,0,0,0,0,0,0,light_all_seed1_veh_003603,108.0,208.0,-100.0,11014.43,20973.24,J17;J21,1.0
light_all_seed1,0fc76bc3c2fc,-E2 -> -E13 -> E20 -> E19,-E2,E19,4,98,152.85714285714286,166.31632653061226,-13.459183673469388,13.479591836734693,27.85805859300731,6.0,10.0,95.0,98.0,97,1,0,0,0,0,0,light_all_seed1_veh_003871,108.0,206.0,-98.0,11014.43,20973.24,J21;J22,1.0
light_all_seed1,36e8623f4e0a,E10 -> -E11 -> E16 -> E15 -> E4,E10,E4,5,98,152.39795918367346,153.39795918367346,-1.0,13.16326530612245,26.834336821562427,5.0,66.0,75.0,91.0,68,24,0,0,0,0,0,light_all_seed1_veh_002592,108.0,199.0,-91.0,11014.43,20973.24,J17,1.0
light_all_seed1,e3621f02f2a0,-E5 -> -E13 -> -E14,-E5,-E14,3,98,91.3265306122449,102.10204081632654,-10.775510204081632,10.816326530612244,21.325466236499533,7.0,14.0,20.0,107.0,95,1,0,0,0,0,0,light_all_seed1_veh_001740,52.0,159.0,-107.0,11014.43,20973.24,J21;J22,1.0
light_all_seed1,31574ce50048,E14 -> E13 -> E0 -> E4,E14,E4,4,98,114.25510204081633,124.10204081632654,-9.846938775510203,9.846938775510203,20.800559254647997,5.0,9.0,82.0,93.0,98,0,0,0,0,0,0,light_all_seed1_veh_000300,69.0,162.0,-93.0,11014.43,20973.24,J21;J22,1.0
light_all_seed1,e104febbb46d,-E19 -> -E20 -> E13 -> E5,-E19,E5,4,98,87.51020408163265,96.98979591836735,-9.479591836734693,9.479591836734693,18.056317793085555,6.0,9.0,73.0,78.0,98,0,0,0,0,0,0,light_all_seed1_veh_001795,65.0,143.0,-78.0,11014.43,20973.24,J21;J22,1.0
light_all_seed1,8fec84d97ae3,-E5 -> -E13 -> E20 -> E19,-E5,E19,4,98,189.1326530612245,198.55102040816325,-9.418367346938776,9.418367346938776,20.939416985042094,5.0,7.0,85.0,95.0,98,0,0,0,0,0,0,light_all_seed1_veh_002194,151.0,246.0,-95.0,11014.43,20973.24,J21;J22,1.0
light_all_seed1,a8e523103c04,-E3 -> -E0 -> -E13 -> -E14,-E3,-E14,4,98,135.10204081632654,144.20408163265307,-9.10204081632653,9.10204081632653,17.753987767052593,6.0,13.0,18.0,96.0,97,0,0,0,0,0,0,light_all_seed1_veh_001136,92.0,188.0,-96.0,11014.43,20973.24,J21;J22,1.0
light_all_seed1,160fb44579b4,-E5 -> -E13 -> E12 -> -E11 -> -E18,-E5,-E18,5,98,189.83673469387756,198.5,-8.66326530612245,8.744897959183673,18.62711431636962,5.0,9.0,12.0,94.0,95,2,0,0,0,0,0,light_all_seed1_veh_001209,151.0,245.0,-94.0,11014.43,20973.24,J17;J21;J22,1.0
light_all_seed1,3f8e372d6db5,E14 -> E20 -> E19,E14,E19,3,98,92.20408163265306,100.57142857142857,-8.36734693877551,8.36734693877551,12.29484710381233,7.0,11.0,12.0,94.0,98,0,0,0,0,0,0,light_all_seed1_veh_002718,56.0,150.0,-94.0,11014.43,20973.24,J21,1.0
light_all_seed1,8522097d81df,E17 -> E11 -> -E10,E17,-E10,3,98,118.44897959183673,123.6734693877551,-5.224489795918367,7.244897959183674,18.19901320491452,4.0,6.0,14.0,91.0,83,10,0,0,0,0,0,light_all_seed1_veh_001104,86.0,177.0,-91.0,11014.43,20973.24,J17,1.0
light_all_seed1,7a1449444338,-E3 -> -E15 -> -E16 -> -E17,-E3,-E17,4,98,78.6938775510204,83.29591836734694,-4.6020408163265305,7.214285714285714,20.590516937539526,2.0,9.0,80.0,95.0,58,23,0,0,0,0,0,light_all_seed1_veh_000848,43.0,138.0,-95.0,11014.43,20973.24,,0.0
light_all_seed1,55e9af98fb6e,-E4 -> -E15 -> -E16 -> -E18,-E4,-E18,4,98,70.34693877551021,77.45918367346938,-7.112244897959184,7.112244897959184,14.557766704703418,5.0,7.0,9.0,95.0,98,0,0,0,0,0,0,light_all_seed1_veh_002361,36.0,131.0,-95.0,11014.43,20973.24,,0.0
light_all_seed1,11815a0a0294,E10 -> -E11 -> -E17,E10,-E17,3,98,86.54081632653062,93.34693877551021,-6.8061224489795915,6.8061224489795915,11.570987645920326,6.0,9.0,11.0,96.0,98,0,0,0,0,0,0,light_all_seed1_veh_002837,48.0,144.0,-96.0,11014.43,20973.24,J17,1.0
light_all_seed1,e6c16ff10116,-E4 -> -E0 -> E2,-E4,E2,3,98,68.70408163265306,75.26530612244898,-6.561224489795919,6.561224489795919,6.807109128982549,6.0,10.0,10.0,11.0,98,0,0,0,0,0,0,light_all_seed1_veh_001132,83.0,94.0,-11.0,11014.43,20973.24,J22,1.0
light_all_seed1,1acb8cba4d57,-E2 -> -E13 -> E12 -> -E11 -> -E17,-E2,-E17,5,98,152.5,159.05102040816325,-6.551020408163265,6.551020408163265,16.322639842518473,4.0,6.0,7.0,91.0,97,0,0,0,0,0,0,light_all_seed1_veh_002435,109.0,200.0,-91.0,11014.43,20973.24,J17;J21;J22,1.0
light_all_seed1,11c3be71c875,-E19 -> -E16 -> -E17,-E19,-E17,3,98,67.57142857142857,73.44897959183673,-5.877551020408164,6.408163265306122,14.021848840219295,5.0,8.0,8.0,92.0,79,13,0,0,0,0,0,light_all_seed1_veh_002572,26.0,118.0,-92.0,11014.43,20973.24,,0.0
light_all_seed1,18927aaae3eb,E18 -> E11 -> -E9,E18,-E9,3,98,116.23469387755102,122.28571428571429,-6.051020408163265,6.051020408163265,10.725232503069476,5.0,7.0,9.0,92.0,98,0,0,0,0,0,0,light_all_seed1_veh_000567,71.0,163.0,-92.0,11014.43,20973.24,J17,1.0
light_all_seed1,098e35e118ee,-E4 -> E3,-E4,E3,2,98,54.62244897959184,58.96938775510204,-4.346938775510204,5.816326530612245,8.986384258466602,5.0,7.0,8.0,72.0,97,1,0,0,0,0,0,light_all_seed1_veh_003220,95.0,23.0,72.0,11014.43,20973.24,,0.0
light_all_seed1,5706b7fad304,E10 -> -E11 -> E16 -> E19,E10,E19,4,98,131.40816326530611,137.09183673469389,-5.683673469387755,5.704081632653061,13.586082314378242,4.0,6.0,8.0,92.0,97,1,0,0,0,0,0,light_all_seed1_veh_001400,114.0,206.0,-92.0,11014.43,20973.24,J17,1.0
light_all_seed1,cfc82f1bba5a,E14 -> E13 -> E5,E14,E5,3,98,107.0,112.38775510204081,-5.387755102040816,5.387755102040816,5.629731570068008,5.0,8.0,9.0,10.0,98,0,0,0,0,0,0,light_all_seed1_veh_001159,68.0,78.0,-10.0,11014.43,20973.24,J21;J22,1.0
light_all_seed1,a916eb9fd928,-E5 -> E0 -> E3,-E5,E3,3,98,86.45918367346938,91.76530612244898,-5.3061224489795915,5.3061224489795915,5.443588252359328,5.0,7.0,8.0,9.0,98,0,0,0,0,0,0,light_all_seed1_veh_000839,72.0,81.0,-9.0,11014.43,20973.24,J22,1.0
light_all_seed1,1a4078e69256,E14 -> E12 -> -E9,E14,-E9,3,98,90.1734693877551,95.46938775510205,-5.295918367346939,5.295918367346939,5.427631497575105,5.0,7.0,7.0,8.0,98,0,0,0,0,0,0,light_all_seed1_veh_001322,75.0,83.0,-8.0,11014.43,20973.24,J17;J21,1.0
light_all_seed1,1018953d2ddc,-E3 -> -E0 -> E2,-E3,E2,3,98,116.26530612244898,121.35714285714286,-5.091836734693878,5.091836734693878,5.226502322836205,5.0,7.0,8.0,9.0,98,0,0,0,0,0,0,light_all_seed1_veh_001790,93.0,102.0,-9.0,11014.43,20973.24,J22,1.0
light_all_seed1,bb0c3598f044,-E19 -> E15 -> E4,-E19,E4,3,98,91.59183673469387,94.61224489795919,-3.020408163265306,5.061224489795919,5.629731570068008,5.0,7.0,9.0,16.0,81,13,0,0,0,0,0,light_all_seed1_veh_001425,133.0,117.0,16.0,11014.43,20973.24,,0.0
light_all_seed1,91530330da2b,-E4 -> -E0 -> -E13 -> -E14,-E4,-E14,4,98,168.0408163265306,173.0,-4.959183673469388,4.979591836734694,5.984674304472403,4.0,9.0,14.0,19.0,97,1,0,0,0,0,0,light_all_seed1_veh_001376,183.0,202.0,-19.0,11014.43,20973.24,J21;J22,1.0
light_all_seed1,250f0d385d96,-E3 -> E4,-E3,E4,2,98,47.183673469387756,51.39795918367347,-4.214285714285714,4.214285714285714,4.429723352489615,4.0,6.0,7.0,7.0,98,0,0,0,0,0,0,light_all_seed1_veh_000395,24.0,31.0,-7.0,11014.43,20973.24,,0.0
light_all_seed1,3f6007450fd6,E18 -> E16 -> E15 -> E4,E18,E4,4,98,104.48979591836735,103.37755102040816,1.1122448979591837,3.438775510204082,4.226978464432427,3.0,7.0,8.0,10.0,30,59,0,0,0,0,0,light_all_seed1_veh_001429,135.0,125.0,10.0,11014.43,20973.24,,0.0
light_all_seed1,6caaaa0b7492,-E2 -> E0 -> E4,-E2,E4,3,98,96.61224489795919,95.95918367346938,0.6530612244897959,1.9183673469387754,2.3647064796066926,2.0,4.0,5.0,7.0,23,67,0,0,0,0,0,light_all_seed1_veh_001860,64.0,71.0,-7.0,11014.43,20973.24,J22,1.0
light_all_seed2,529f6a3ed00c,E9 -> -E12 -> E20 -> E15 -> -E0 -> E5,E9,E5,6,80,142.4625,169.0125,-26.55,26.55,44.49269602979797,8.0,95.0,96.0,100.0,80,0,0,0,0,0,0,light_all_seed2_veh_002420,90.0,190.0,-100.0,22312.43,31914.73,J17;J21;J22,1.0
light_all_seed2,9ad069c9b349,E9 -> -E12 -> E13 -> E5,E9,E5,4,80,102.425,127.7875,-25.3625,25.3625,41.56816690690125,9.0,90.0,92.0,108.0,80,0,0,0,0,0,0,light_all_seed2_veh_000904,120.0,228.0,-108.0,22312.43,31914.73,J17;J21;J22,1.0
light_all_seed2,d91d5067468b,E9 -> -E11 -> E16 -> E15 -> E4,E9,E4,5,80,130.075,121.7875,8.2875,23.4125,52.02607519311831,5.0,82.0,95.0,246.0,52,22,0,0,0,0,0,light_all_seed2_veh_001192,359.0,113.0,246.0,22312.43,31914.73,J17,1.0
light_all_seed2,209c0f416794,E17 -> E11 -> -E12 -> E13 -> E5,E17,E5,5,80,189.0375,212.2125,-23.175,23.175,45.682600626496736,7.0,95.0,103.0,185.0,80,0,0,0,0,0,0,light_all_seed2_veh_000861,187.0,372.0,-185.0,22312.43,31914.73,J17;J21;J22,1.0
light_all_seed2,4130f8916f02,E18 -> E11 -> -E12 -> E13 -> E5,E18,E5,5,80,168.4375,190.5625,-22.125,22.175,38.94611662284187,8.0,91.0,98.0,104.0,79,1,0,0,0,0,0,light_all_seed2_veh_003112,120.0,224.0,-104.0,22312.43,31914.73,J17;J21;J22,1.0
light_all_seed2,6ee37cdd0209,E9 -> -E11 -> -E18,E9,-E18,3,80,63.1125,82.9375,-19.825,19.825,34.06280963162023,8.0,80.0,87.0,94.0,80,0,0,0,0,0,0,light_all_seed2_veh_000907,88.0,182.0,-94.0,22312.43,31914.73,J17,1.0
light_all_seed2,36e8623f4e0a,E10 -> -E11 -> E16 -> E15 -> E4,E10,E4,5,80,157.8375,145.6125,12.225,19.625,44.638828389643024,5.0,81.0,93.0,173.0,52,22,0,0,0,0,0,light_all_seed2_veh_000870,296.0,123.0,173.0,22312.43,31914.73,J17,1.0
light_all_seed2,3f6007450fd6,E18 -> E16 -> E15 -> E4,E18,E4,4,80,115.15,106.975,8.175,18.325,40.822175346250226,3.0,83.0,88.0,165.0,37,36,0,0,0,0,0,light_all_seed2_veh_001306,309.0,144.0,165.0,22312.43,31914.73,,0.0
light_all_seed2,bb0c3598f044,-E19 -> E15 -> E4,-E19,E4,3,80,98.4875,96.3625,2.125,17.425,42.89988344972513,5.0,11.0,91.0,173.0,70,9,0,0,0,0,0,light_all_seed2_veh_000974,275.0,102.0,173.0,22312.43,31914.73,,0.0
light_all_seed2,bc9c2e0fd984,E18 -> E11 -> -E12 -> -E14,E18,-E14,4,80,157.7,171.5,-13.8,15.875,31.8978839423558,7.0,78.0,93.0,102.0,76,3,0,0,0,0,0,light_all_seed2_veh_002209,106.0,208.0,-102.0,22312.43,31914.73,J17;J21,1.0
light_all_seed2,cc35ab4813b4,E17 -> E16 -> E15 -> E3,E17,E3,4,80,71.425,82.3,-10.875,15.2,26.17823523463719,8.0,65.0,72.0,84.0,74,6,0,0,0,0,0,light_all_seed2_veh_002048,92.0,176.0,-84.0,22312.43,31914.73,,0.0
light_all_seed2,a9fb59fe185d,-E2 -> -E13 -> -E14,-E2,-E14,3,80,61.9,76.475,-14.575,14.575,26.254999523900207,8.0,19.0,78.0,95.0,80,0,0,0,0,0,0,light_all_seed2_veh_000875,68.0,163.0,-95.0,22312.43,31914.73,J21;J22,1.0
light_all_seed2,346fa50c7560,-E19 -> -E16 -> E11 -> -E10,-E19,-E10,4,80,79.95,94.5125,-14.5625,14.5625,32.07783502669717,6.0,14.0,89.0,170.0,80,0,0,0,0,0,0,light_all_seed2_veh_000935,58.0,228.0,-170.0,22312.43,31914.73,J17,1.0
light_all_seed2,3b4ce934fe24,E17 -> E11 -> -E12 -> -E14,E17,-E14,4,80,179.8375,193.975,-14.1375,14.1375,29.977283065681586,5.0,15.0,93.0,98.0,79,0,0,0,0,0,0,light_all_seed2_veh_000983,158.0,256.0,-98.0,22312.43,31914.73,J17;J21,1.0
light_all_seed2,1acb8cba4d57,-E2 -> -E13 -> E12 -> -E11 -> -E17,-E2,-E17,5,80,154.925,167.9625,-13.0375,13.0375,32.75038167716523,4.0,10.0,93.0,176.0,80,0,0,0,0,0,0,light_all_seed2_veh_000877,153.0,329.0,-176.0,22312.43,31914.73,J17;J21;J22,1.0
light_all_seed2,09ec625f32b1,E9 -> -E12 -> -E14,E9,-E14,3,80,65.6875,78.675,-12.9875,12.9875,25.295503553003247,7.0,12.0,85.0,95.0,80,0,0,0,0,0,0,light_all_seed2_veh_000906,26.0,121.0,-95.0,22312.43,31914.73,J17;J21,1.0
light_all_seed2,a8e523103c04,-E3 -> -E0 -> -E13 -> -E14,-E3,-E14,4,80,137.6625,150.55,-12.8875,12.9625,26.28045851959208,6.0,15.0,90.0,97.0,78,2,0,0,0,0,0,light_all_seed2_veh_000849,149.0,246.0,-97.0,22312.43,31914.73,J21;J22,1.0
light_all_seed2,11b6fa0ab926,E10 -> -E12 -> E13 -> E5,E10,E5,4,80,104.8625,117.8,-12.9375,12.9375,21.792487237578,8.5,14.0,18.0,97.0,80,0,0,0,0,0,0,light_all_seed2_veh_000212,53.0,150.0,-97.0,22312.43,31914.73,J17;J21;J22,1.0
light_all_seed2,e104febbb46d,-E19 -> -E20 -> E13 -> E5,-E19,E5,4,80,85.325,96.675,-11.35,11.35,22.304708023195463,6.0,11.0,73.0,97.0,80,0,0,0,0,0,0,light_all_seed2_veh_002533,41.0,138.0,-97.0,22312.43,31914.73,J21;J22,1.0
light_all_seed2,e6c16ff10116,-E4 -> -E0 -> E2,-E4,E2,3,80,60.425,71.5125,-11.0875,11.0875,23.01494079940246,6.0,10.0,14.0,101.0,80,0,0,0,0,0,0,light_all_seed2_veh_001173,30.0,131.0,-101.0,22312.43,31914.73,J22,1.0
light_all_seed2,0fc76bc3c2fc,-E2 -> -E13 -> E20 -> E19,-E2,E19,4,80,155.275,166.1125,-10.8375,10.8375,21.92401651157926,6.0,10.0,12.0,95.0,80,0,0,0,0,0,0,light_all_seed2_veh_000017,106.0,201.0,-95.0,22312.43,31914.73,J21;J22,1.0
light_all_seed2,8fec84d97ae3,-E5 -> -E13 -> E20 -> E19,-E5,E19,4,80,189.8875,200.7125,-10.825,10.825,24.002604025396913,5.0,8.0,90.0,96.0,80,0,0,0,0,0,0,light_all_seed2_veh_002768,153.0,249.0,-96.0,22312.43,31914.73,J21;J22,1.0
light_all_seed2,3f8e372d6db5,E14 -> E20 -> E19,E14,E19,3,80,92.3875,102.1375,-9.75,9.75,17.489997141223323,7.0,11.0,14.0,101.0,80,0,0,0,0,0,0,light_all_seed2_veh_000422,56.0,157.0,-101.0,22312.43,31914.73,J21,1.0
light_all_seed2,18927aaae3eb,E18 -> E11 -> -E9,E18,-E9,3,80,115.4,122.825,-7.425,9.4,20.79122411018649,5.0,8.0,11.0,94.0,79,1,0,0,0,0,0,light_all_seed2_veh_002535,70.0,164.0,-94.0,22312.43,31914.73,J17,1.0
light_all_seed2,1018953d2ddc,-E3 -> -E0 -> E2,-E3,E2,3,80,114.3375,122.9625,-8.625,8.625,18.977618396416343,5.0,8.0,9.0,95.0,80,0,0,0,0,0,0,light_all_seed2_veh_002528,70.0,165.0,-95.0,22312.43,31914.73,J22,1.0
light_all_seed2,160fb44579b4,-E5 -> -E13 -> E12 -> -E11 -> -E18,-E5,-E18,5,80,190.425,198.1875,-7.7625,7.9125,15.472960285607922,5.0,9.0,12.0,90.0,76,2,0,0,0,0,0,light_all_seed2_veh_000840,161.0,251.0,-90.0,22312.43,31914.73,J17;J21;J22,1.0
light_all_seed2,e3621f02f2a0,-E5 -> -E13 -> -E14,-E5,-E14,3,80,93.6625,101.425,-7.7625,7.7875,13.117259622344905,6.0,11.0,12.0,95.0,78,1,0,0,0,0,0,light_all_seed2_veh_000879,64.0,159.0,-95.0,22312.43,31914.73,J21;J22,1.0
light_all_seed2,11815a0a0294,E10 -> -E11 -> -E17,E10,-E17,3,80,78.125,85.7375,-7.6125,7.6125,16.28534617378458,5.0,9.0,11.0,97.0,80,0,0,0,0,0,0,light_all_seed2_veh_001402,43.0,140.0,-97.0,22312.43,31914.73,J17,1.0
light_all_seed2,55e9af98fb6e,-E4 -> -E15 -> -E16 -> -E18,-E4,-E18,4,80,68.1375,75.75,-7.6125,7.6125,15.88198665154961,5.0,8.0,9.0,94.0,80,0,0,0,0,0,0,light_all_seed2_veh_000967,33.0,127.0,-94.0,22312.43,31914.73,,0.0
light_all_seed2,8522097d81df,E17 -> E11 -> -E10,E17,-E10,3,80,117.9375,125.3125,-7.375,7.575,18.123189564753773,5.0,6.0,8.0,95.0,72,5,0,0,0,0,0,light_all_seed2_veh_000243,69.0,164.0,-95.0,22312.43,31914.73,J17,1.0
light_all_seed2,91530330da2b,-E4 -> -E0 -> -E13 -> -E14,-E4,-E14,4,80,159.775,167.2625,-7.4875,7.5625,16.487495261561108,4.0,8.0,17.0,98.0,79,1,0,0,0,0,0,light_all_seed2_veh_001212,132.0,230.0,-98.0,22312.43,31914.73,J21;J22,1.0
light_all_seed2,1a4078e69256,E14 -> E12 -> -E9,E14,-E9,3,80,90.675,95.9875,-5.3125,7.3875,15.016241207439364,5.0,7.0,8.0,94.0,79,1,0,0,0,0,0,light_all_seed2_veh_002306,51.0,145.0,-94.0,22312.43,31914.73,J17;J21,1.0
light_all_seed2,5706b7fad304,E10 -> -E11 -> E16 -> E19,E10,E19,4,80,123.2375,130.6,-7.3625,7.3625,18.14972451581566,4.0,7.0,8.0,92.0,80,0,0,0,0,0,0,light_all_seed2_veh_000908,134.0,226.0,-92.0,22312.43,31914.73,J17,1.0
light_all_seed2,31574ce50048,E14 -> E13 -> E0 -> E4,E14,E4,4,80,113.3,118.4375,-5.1375,6.9625,14.120463873400194,5.0,8.0,10.0,91.0,77,1,0,0,0,0,0,light_all_seed2_veh_000464,72.0,163.0,-91.0,22312.43,31914.73,J21;J22,1.0
light_all_seed2,11c3be71c875,-E19 -> -E16 -> -E17,-E19,-E17,3,80,72.825,79.25,-6.425,6.725,15.355780670483673,5.0,7.0,8.0,92.0,67,11,0,0,0,0,0,light_all_seed2_veh_000522,28.0,120.0,-92.0,22312.43,31914.73,,0.0
light_all_seed2,098e35e118ee,-E4 -> E3,-E4,E3,2,80,54.15,60.175,-6.025,6.025,10.62779375035101,5.0,7.0,7.0,83.0,80,0,0,0,0,0,0,light_all_seed2_veh_000227,20.0,103.0,-83.0,22312.43,31914.73,,0.0
light_all_seed2,250f0d385d96,-E3 -> E4,-E3,E4,2,80,46.4875,52.3,-5.8125,5.8125,12.130024732044037,4.0,7.0,8.0,74.0,80,0,0,0,0,0,0,light_all_seed2_veh_003060,20.0,94.0,-74.0,22312.43,31914.73,,0.0
light_all_seed2,cfc82f1bba5a,E14 -> E13 -> E5,E14,E5,3,80,104.125,109.3875,-5.2625,5.2625,5.434841304030873,5.0,6.0,7.0,12.0,80,0,0,0,0,0,0,light_all_seed2_veh_000954,78.0,90.0,-12.0,22312.43,31914.73,J21;J22,1.0
light_all_seed2,a916eb9fd928,-E5 -> E0 -> E3,-E5,E3,3,80,78.25,83.3875,-5.1375,5.1375,5.299764145695542,5.0,7.0,8.0,10.0,80,0,0,0,0,0,0,light_all_seed2_veh_000880,64.0,74.0,-10.0,22312.43,31914.73,J22,1.0
light_all_seed2,7a1449444338,-E3 -> -E15 -> -E16 -> -E17,-E3,-E17,4,80,83.5875,85.8875,-2.3,2.975,3.990613987846983,2.0,7.0,8.0,11.0,57,14,0,0,0,0,0,light_all_seed2_veh_000356,105.0,116.0,-11.0,22312.43,31914.73,,0.0
light_all_seed2,6caaaa0b7492,-E2 -> E0 -> E4,-E2,E4,3,80,99.2875,97.9875,1.3,1.85,2.1447610589527217,2.0,3.0,4.0,5.0,10,66,0,0,0,0,0,light_all_seed2_veh_000015,45.0,50.0,-5.0,22312.43,31914.73,J22,1.0
medium_core,0fc76bc3c2fc,-E2 -> -E13 -> E20 -> E19,-E2,E19,4,126,149.21428571428572,164.4920634920635,-15.277777777777779,15.277777777777779,30.132643270649034,7.0,10.0,95.0,97.0,126,0,0,0,0,0,0,medium_core_veh_000752,110.0,207.0,-97.0,34000.0,44000.0,J21;J22,1.0
medium_core,09ec625f32b1,E9 -> -E12 -> -E14,E9,-E14,3,126,57.111111111111114,69.06349206349206,-11.952380952380953,11.952380952380953,24.6753523961263,5.0,10.0,85.0,87.0,126,0,0,0,0,0,0,medium_core_veh_000130,26.0,113.0,-87.0,34000.0,44000.0,J17;J21,1.0
medium_core,3f8e372d6db5,E14 -> E20 -> E19,E14,E19,3,126,102.32539682539682,106.84126984126983,-4.515873015873016,10.944444444444445,18.00462903440853,8.0,10.0,11.0,82.0,121,5,0,0,0,0,0,medium_core_veh_001755,142.0,60.0,82.0,34000.0,44000.0,J21,1.0
medium_core,6ee37cdd0209,E9 -> -E11 -> -E18,E9,-E18,3,126,56.44444444444444,66.82539682539682,-10.380952380952381,10.380952380952381,16.25881934056733,8.0,13.0,15.0,80.0,126,0,0,0,0,0,0,medium_core_veh_000152,26.0,106.0,-80.0,34000.0,44000.0,J17,1.0
medium_core,529f6a3ed00c,E9 -> -E12 -> E20 -> E15 -> -E0 -> E5,E9,E5,6,126,138.33333333333334,146.96031746031747,-8.626984126984127,8.626984126984127,8.789875127776547,8.0,11.0,11.0,15.0,126,0,0,0,0,0,0,medium_core_veh_000358,100.0,115.0,-15.0,34000.0,44000.0,J17;J21;J22,1.0
medium_core,1a4078e69256,E14 -> E12 -> -E9,E14,-E9,3,126,100.11111111111111,102.04761904761905,-1.9365079365079365,8.507936507936508,17.351638685708192,5.0,7.0,8.0,83.0,121,5,0,0,0,0,0,medium_core_veh_000052,140.0,57.0,83.0,34000.0,44000.0,J17;J21,1.0
medium_core,d91d5067468b,E9 -> -E11 -> E16 -> E15 -> E4,E9,E4,5,126,93.53968253968254,101.78571428571429,-8.246031746031745,8.246031746031745,8.374659433966293,8.0,10.0,11.0,14.0,126,0,0,0,0,0,0,medium_core_veh_000822,113.0,127.0,-14.0,34000.0,44000.0,J17,1.0
medium_core,9ad069c9b349,E9 -> -E12 -> E13 -> E5,E9,E5,4,126,88.0952380952381,95.67460317460318,-7.579365079365079,7.579365079365079,7.668219304479189,7.0,9.0,10.0,11.0,126,0,0,0,0,0,0,medium_core_veh_000779,69.0,80.0,-11.0,34000.0,44000.0,J17;J21;J22,1.0
medium_core,a9fb59fe185d,-E2 -> -E13 -> -E14,-E2,-E14,3,126,54.214285714285715,61.06349206349206,-6.849206349206349,6.849206349206349,9.68348291008154,6.0,9.0,10.0,81.0,126,0,0,0,0,0,0,medium_core_veh_000182,26.0,107.0,-81.0,34000.0,44000.0,J21;J22,1.0
medium_core,11b6fa0ab926,E10 -> -E12 -> E13 -> E5,E10,E5,4,126,98.42857142857143,105.25396825396825,-6.825396825396825,6.825396825396825,6.896053621859067,7.0,8.0,8.0,9.0,126,0,0,0,0,0,0,medium_core_veh_001099,129.0,138.0,-9.0,34000.0,44000.0,J17;J21;J22,1.0
medium_core,36e8623f4e0a,E10 -> -E11 -> E16 -> E15 -> E4,E10,E4,5,126,140.43650793650792,146.96825396825398,-6.531746031746032,6.531746031746032,6.662498697102228,6.0,8.0,9.0,10.0,126,0,0,0,0,0,0,medium_core_veh_000177,160.0,170.0,-10.0,34000.0,44000.0,J17,1.0
medium_core,11815a0a0294,E10 -> -E11 -> -E17,E10,-E17,3,126,90.22222222222223,96.36507936507937,-6.142857142857143,6.142857142857143,6.283008075451637,6.0,8.0,9.0,11.0,126,0,0,0,0,0,0,medium_core_veh_001877,111.0,122.0,-11.0,34000.0,44000.0,J17,1.0
medium_core,31574ce50048,E14 -> E13 -> E0 -> E4,E14,E4,4,126,113.43650793650794,119.52380952380952,-6.087301587301587,6.087301587301587,6.284902544988268,6.0,8.0,8.0,13.0,126,0,0,0,0,0,0,medium_core_veh_001378,83.0,96.0,-13.0,34000.0,44000.0,J21;J22,1.0
medium_core,e3621f02f2a0,-E5 -> -E13 -> -E14,-E5,-E14,3,126,91.62698412698413,97.33333333333333,-5.7063492063492065,5.896825396825397,15.028280219280127,4.0,5.0,7.0,95.0,114,10,0,0,0,0,0,medium_core_veh_002160,52.0,147.0,-95.0,34000.0,44000.0,J21;J22,1.0
medium_core,1acb8cba4d57,-E2 -> -E13 -> E12 -> -E11 -> -E17,-E2,-E17,5,126,149.11111111111111,154.85714285714286,-5.746031746031746,5.746031746031746,12.654756305154878,4.0,6.0,7.0,95.0,126,0,0,0,0,0,0,medium_core_veh_000562,110.0,205.0,-95.0,34000.0,44000.0,J17;J21;J22,1.0
medium_core,a916eb9fd928,-E5 -> E0 -> E3,-E5,E3,3,126,90.11111111111111,95.54761904761905,-5.436507936507937,5.436507936507937,5.50252467307306,5.0,7.0,7.0,9.0,126,0,0,0,0,0,0,medium_core_veh_001762,51.0,60.0,-9.0,34000.0,44000.0,J22,1.0
medium_core,8fec84d97ae3,-E5 -> -E13 -> E20 -> E19,-E5,E19,4,126,198.11111111111111,203.484126984127,-5.373015873015873,5.373015873015873,5.454719814433025,5.0,6.0,7.0,9.0,126,0,0,0,0,0,0,medium_core_veh_001239,159.0,168.0,-9.0,34000.0,44000.0,J21;J22,1.0
medium_core,cfc82f1bba5a,E14 -> E13 -> E5,E14,E5,3,126,107.11111111111111,112.43650793650794,-5.325396825396825,5.325396825396825,5.3755767501567115,5.0,6.0,7.0,7.0,126,0,0,0,0,0,0,medium_core_veh_000032,68.0,75.0,-7.0,34000.0,44000.0,J21;J22,1.0
medium_core,160fb44579b4,-E5 -> -E13 -> E12 -> -E11 -> -E18,-E5,-E18,5,126,199.88888888888889,204.6904761904762,-4.801587301587301,4.801587301587301,5.133920807447545,5.0,6.0,7.0,8.0,115,0,0,0,0,0,0,medium_core_veh_000146,179.0,187.0,-8.0,34000.0,44000.0,J17;J21;J22,1.0
medium_core,5706b7fad304,E10 -> -E11 -> E16 -> E19,E10,E19,4,126,135.11111111111111,139.3015873015873,-4.190476190476191,4.190476190476191,4.333333333333333,4.0,6.0,6.0,8.0,126,0,0,0,0,0,0,medium_core_veh_000237,96.0,104.0,-8.0,34000.0,44000.0,J17,1.0
medium_core,6caaaa0b7492,-E2 -> E0 -> E4,-E2,E4,3,126,93.17460317460318,92.3015873015873,0.873015873015873,1.1904761904761905,1.4474937289114918,1.0,2.0,3.0,4.0,13,90,0,0,0,0,0,medium_core_veh_000015,57.0,61.0,-4.0,34000.0,44000.0,J22,1.0
north_bottleneck,a9fb59fe185d,-E2 -> -E13 -> -E14,-E2,-E14,3,334,57.07185628742515,179.46706586826346,-122.39520958083833,122.39520958083833,126.05936725153069,122.0,153.0,158.0,226.0,334,0,0,0,0,0,0,north_bottleneck_veh_002637,28.0,254.0,-226.0,82000.0,91990.0,J21;J22,1.0
north_bottleneck,0fc76bc3c2fc,-E2 -> -E13 -> E20 -> E19,-E2,E19,4,334,149.0868263473054,267.6706586826347,-118.58383233532935,118.58383233532935,122.39847314221248,122.5,155.0,159.0,168.0,334,0,0,0,0,0,0,north_bottleneck_veh_002520,120.0,288.0,-168.0,82000.0,91990.0,J21;J22,1.0
north_bottleneck,1acb8cba4d57,-E2 -> -E13 -> E12 -> -E11 -> -E17,-E2,-E17,5,334,150.0868263473054,267.21556886227546,-117.12874251497006,117.12874251497006,121.30918828216042,118.0,153.0,155.0,242.0,334,0,0,0,0,0,0,north_bottleneck_veh_000047,121.0,363.0,-242.0,82000.0,91990.0,J17;J21;J22,1.0
north_bottleneck,1a4078e69256,E14 -> E12 -> -E9,E14,-E9,3,334,90.9940119760479,104.95209580838323,-13.95808383233533,13.95808383233533,34.6001107609594,7.0,9.0,95.0,191.0,334,0,0,0,0,0,0,north_bottleneck_veh_000969,62.0,253.0,-191.0,82000.0,91990.0,J17;J21,1.0
north_bottleneck,31574ce50048,E14 -> E13 -> E0 -> E4,E14,E4,4,334,127.97005988023952,141.6317365269461,-13.661676646706587,13.661676646706587,29.392501793427634,4.0,82.0,83.0,87.0,332,0,0,0,0,0,0,north_bottleneck_veh_000828,99.0,186.0,-87.0,82000.0,91990.0,J21;J22,1.0
north_bottleneck,3f8e372d6db5,E14 -> E20 -> E19,E14,E19,3,334,93.97604790419162,104.07485029940119,-10.098802395209582,10.098802395209582,10.203762368218198,10.0,12.0,13.0,15.0,334,0,0,0,0,0,0,north_bottleneck_veh_001571,65.0,80.0,-15.0,82000.0,91990.0,J21,1.0
north_bottleneck,cfc82f1bba5a,E14 -> E13 -> E5,E14,E5,3,334,117.9940119760479,124.44910179640719,-6.455089820359281,6.455089820359281,6.596587758825031,6.0,8.0,9.0,11.0,334,0,0,0,0,0,0,north_bottleneck_veh_001402,89.0,100.0,-11.0,82000.0,91990.0,J21;J22,1.0
north_bottleneck,6caaaa0b7492,-E2 -> E0 -> E4,-E2,E4,3,334,96.07485029940119,95.6377245508982,0.437125748502994,1.5808383233532934,1.9940029850006786,1.0,3.0,4.0,7.0,99,169,0,0,0,0,0,north_bottleneck_veh_002254,67.0,74.0,-7.0,82000.0,91990.0,J22,1.0
oversat_all,7a1449444338,-E3 -> -E15 -> -E16 -> -E17,-E3,-E17,4,334,95.05089820359281,1758.6077844311378,-1663.556886227545,1663.8562874251497,2016.9342909801837,1657.0,3220.0,3470.0,4567.0,320,13,246,0,249,0,232,oversat_all_veh_004825,124.0,4691.0,-4567.0,58000.0,67990.0,,0.0
oversat_all,55e9af98fb6e,-E4 -> -E15 -> -E16 -> -E18,-E4,-E18,4,334,72.90718562874251,1495.6646706586826,-1422.7574850299402,1422.7574850299402,2636.614077451073,475.0,6030.0,7375.0,8240.0,334,0,67,0,133,0,65,oversat_all_veh_002607,44.0,8284.0,-8240.0,58000.0,67990.0,,0.0
oversat_all,160fb44579b4,-E5 -> -E13 -> E12 -> -E11 -> -E18,-E5,-E18,5,334,215.67365269461078,1501.4520958083833,-1285.7784431137725,1285.7964071856288,1571.4086666442915,1130.5,2629.0,2874.0,3435.0,332,2,208,0,263,0,182,oversat_all_veh_002521,218.0,3653.0,-3435.0,58000.0,67990.0,J17;J21;J22,1.0
oversat_all,1acb8cba4d57,-E2 -> -E13 -> E12 -> -E11 -> -E17,-E2,-E17,5,334,149.99401197604791,1149.7095808383233,-999.7155688622754,999.7155688622754,1423.281092708772,429.0,2614.0,2942.0,3817.0,334,0,135,0,165,0,120,oversat_all_veh_001246,150.0,3967.0,-3817.0,58000.0,67990.0,J17;J21;J22,1.0
oversat_all,346fa50c7560,-E19 -> -E16 -> E11 -> -E10,-E19,-E10,4,334,85.0688622754491,996.8892215568862,-911.8203592814372,911.8203592814372,996.16626501047,848.0,1572.0,1687.0,2000.0,334,0,197,0,297,0,100,oversat_all_veh_006347,85.0,2085.0,-2000.0,58000.0,67990.0,J17,1.0
oversat_all,11c3be71c875,-E19 -> -E16 -> -E17,-E19,-E17,3,334,76.10479041916167,696.251497005988,-620.1467065868263,620.1467065868263,725.4157820768911,544.0,1265.0,1358.0,1686.0,334,0,94,0,173,0,60,oversat_all_veh_006385,47.0,1733.0,-1686.0,58000.0,67990.0,,0.0
oversat_all,11b6fa0ab926,E10 -> -E12 -> E13 -> E5,E10,E5,4,334,799.6167664670659,201.2994011976048,598.3173652694611,610.3473053892216,909.329117049362,192.5,1687.0,1714.0,1743.0,30,304,0,109,0,117,102,oversat_all_veh_002590,1851.0,108.0,1743.0,58000.0,67990.0,J17;J21;J22,1.0
oversat_all,bb0c3598f044,-E19 -> E15 -> E4,-E19,E4,3,334,647.4011976047905,84.8443113772455,562.556886227545,562.6646706586827,664.2876198727232,824.0,900.0,906.0,988.0,4,328,0,169,0,197,0,oversat_all_veh_009338,1043.0,55.0,988.0,58000.0,67990.0,,0.0
oversat_all,a9fb59fe185d,-E2 -> -E13 -> -E14,-E2,-E14,3,334,65.88922155688623,589.6706586826348,-523.7814371257485,523.7814371257485,777.0550096511521,142.5,1355.0,1627.0,2751.0,333,0,97,0,130,0,70,oversat_all_veh_001285,37.0,2788.0,-2751.0,58000.0,67990.0,J21;J22,1.0
oversat_all,529f6a3ed00c,E9 -> -E12 -> E20 -> E15 -> -E0 -> E5,E9,E5,6,334,140.98203592814372,647.0059880239521,-506.0239520958084,506.0239520958084,759.0644178323482,310.5,1256.0,1897.0,2633.0,334,0,68,0,85,0,54,oversat_all_veh_001641,112.0,2745.0,-2633.0,58000.0,67990.0,J17;J21;J22,1.0
oversat_all,0fc76bc3c2fc,-E2 -> -E13 -> E20 -> E19,-E2,E19,4,334,151.9760479041916,654.2185628742515,-502.24251497005986,502.24251497005986,750.4984032584034,149.5,1299.0,1630.0,2792.0,334,0,99,0,132,0,67,oversat_all_veh_001329,181.0,2973.0,-2792.0,58000.0,67990.0,J21;J22,1.0
oversat_all,e3621f02f2a0,-E5 -> -E13 -> -E14,-E5,-E14,3,334,92.81736526946108,548.5748502994012,-455.75748502994014,455.7634730538922,569.1761116805451,330.0,962.0,1232.0,1513.0,332,1,58,0,95,0,31,oversat_all_veh_002847,64.0,1577.0,-1513.0,58000.0,67990.0,J21;J22,1.0
oversat_all,209c0f416794,E17 -> E11 -> -E12 -> E13 -> E5,E17,E5,5,334,241.64970059880238,671.2874251497007,-429.6377245508982,429.6377245508982,498.7839013435788,344.5,796.0,881.0,1059.0,334,0,76,0,159,0,5,oversat_all_veh_004264,239.0,1298.0,-1059.0,58000.0,67990.0,J17;J21;J22,1.0
oversat_all,3b4ce934fe24,E17 -> E11 -> -E12 -> -E14,E17,-E14,4,334,168.95209580838323,567.314371257485,-398.3622754491018,398.3622754491018,450.82958462290105,367.0,706.0,793.0,958.0,334,0,32,0,135,0,0,oversat_all_veh_004263,140.0,1098.0,-958.0,58000.0,67990.0,J17;J21,1.0
oversat_all,9ad069c9b349,E9 -> -E12 -> E13 -> E5,E9,E5,4,334,156.03293413173654,535.3473053892216,-379.31437125748505,379.31437125748505,532.5071391947841,284.5,930.0,1103.0,1900.0,334,0,64,0,87,0,21,oversat_all_veh_001970,183.0,2083.0,-1900.0,58000.0,67990.0,J17;J21;J22,1.0
oversat_all,91530330da2b,-E4 -> -E0 -> -E13 -> -E14,-E4,-E14,4,334,177.81437125748502,549.3353293413173,-371.52095808383234,371.52694610778445,521.0973336505614,269.0,1086.0,1203.0,1460.0,333,1,54,0,80,0,46,oversat_all_veh_003467,149.0,1609.0,-1460.0,58000.0,67990.0,J21;J22,1.0
oversat_all,a8e523103c04,-E3 -> -E0 -> -E13 -> -E14,-E3,-E14,4,334,147.91017964071855,516.9640718562874,-369.05389221556885,369.05389221556885,606.8243686366407,123.0,1033.0,1615.0,1981.0,333,0,58,0,96,0,37,oversat_all_veh_003514,120.0,2101.0,-1981.0,58000.0,67990.0,J21;J22,1.0
oversat_all,8fec84d97ae3,-E5 -> -E13 -> E20 -> E19,-E5,E19,4,334,209.0868263473054,568.188622754491,-359.10179640718565,359.1616766467066,476.5210628642698,227.5,827.0,988.0,1436.0,332,2,63,0,94,0,16,oversat_all_veh_002850,238.0,1674.0,-1436.0,58000.0,67990.0,J21;J22,1.0
oversat_all,09ec625f32b1,E9 -> -E12 -> -E14,E9,-E14,3,334,57.032934131736525,410.44610778443115,-353.41317365269464,353.41317365269464,464.7631680708031,283.5,735.0,924.0,1701.0,334,0,24,0,74,0,12,oversat_all_veh_001972,86.0,1787.0,-1701.0,58000.0,67990.0,J17;J21,1.0
oversat_all,5706b7fad304,E10 -> -E11 -> E16 -> E19,E10,E19,4,334,135.90718562874252,481.5688622754491,-345.6616766467066,345.6616766467066,377.26212317278595,356.5,541.0,593.0,758.0,334,0,0,0,88,0,0,oversat_all_veh_007509,107.0,865.0,-758.0,58000.0,67990.0,J17,1.0
oversat_all,8522097d81df,E17 -> E11 -> -E10,E17,-E10,3,334,110.64071856287426,406.73353293413174,-296.0928143712575,296.0928143712575,338.9212677724769,237.0,518.0,602.0,913.0,334,0,1,0,40,0,0,oversat_all_veh_002580,135.0,1048.0,-913.0,58000.0,67990.0,J17,1.0
oversat_all,4130f8916f02,E18 -> E11 -> -E12 -> E13 -> E5,E18,E5,5,334,420.0688622754491,668.1107784431138,-248.04191616766468,292.4251497005988,492.3416368997748,111.5,978.0,1236.0,1676.0,218,116,34,0,69,0,31,oversat_all_veh_003112,502.0,2178.0,-1676.0,58000.0,67990.0,J17;J21;J22,1.0
oversat_all,36e8623f4e0a,E10 -> -E11 -> E16 -> E15 -> E4,E10,E4,5,334,228.78443113772454,490.5808383233533,-261.79640718562877,266.4251497005988,308.60523588683077,267.0,463.0,519.0,730.0,320,13,1,0,103,0,0,oversat_all_veh_003904,228.0,958.0,-730.0,58000.0,67990.0,J17,1.0
oversat_all,1018953d2ddc,-E3 -> -E0 -> E2,-E3,E2,3,334,103.08682634730539,368.6467065868263,-265.55988023952096,265.55988023952096,475.7680553746437,96.0,794.0,1378.0,1809.0,334,0,31,0,65,0,22,oversat_all_veh_003553,74.0,1883.0,-1809.0,58000.0,67990.0,J22,1.0
oversat_all,bc9c2e0fd984,E18 -> E11 -> -E12 -> -E14,E18,-E14,4,334,341.3862275449102,578.8652694610779,-237.47904191616766,252.79041916167665,452.6035329997241,71.0,886.0,1143.0,1621.0,239,94,30,0,61,0,28,oversat_all_veh_000733,201.0,1822.0,-1621.0,58000.0,67990.0,J17;J21,1.0
oversat_all,e6c16ff10116,-E4 -> -E0 -> E2,-E4,E2,3,334,74.89820359281437,310.5988023952096,-235.7005988023952,235.7005988023952,347.31021181867504,187.0,540.0,996.0,1158.0,334,0,22,0,33,0,16,oversat_all_veh_004248,104.0,1262.0,-1158.0,58000.0,67990.0,J22,1.0
oversat_all,11815a0a0294,E10 -> -E11 -> -E17,E10,-E17,3,334,92.88922155688623,316.2065868263473,-223.31736526946108,223.31736526946108,258.46516113580583,211.0,410.0,463.0,554.0,334,0,0,0,3,0,0,oversat_all_veh_007593,93.0,647.0,-554.0,58000.0,67990.0,J17,1.0
oversat_all,1a4078e69256,E14 -> E12 -> -E9,E14,-E9,3,334,90.90718562874251,271.65868263473055,-180.75149700598803,180.75149700598803,279.8639800070549,98.5,461.0,560.0,1185.0,334,0,6,0,25,0,3,oversat_all_veh_003782,91.0,1276.0,-1185.0,58000.0,67990.0,J17;J21,1.0
oversat_all,18927aaae3eb,E18 -> E11 -> -E9,E18,-E9,3,334,276.4191616766467,401.122754491018,-124.70359281437126,173.40419161676647,322.00434686692915,59.0,694.0,881.0,1233.0,151,183,11,0,45,0,3,oversat_all_veh_003273,351.0,1584.0,-1233.0,58000.0,67990.0,J17,1.0
oversat_all,6ee37cdd0209,E9 -> -E11 -> -E18,E9,-E18,3,334,66.64670658682634,187.24550898203591,-120.59880239520957,120.59880239520957,136.55474215416476,99.0,188.0,196.0,281.0,334,0,0,0,0,0,0,oversat_all_veh_002055,89.0,370.0,-281.0,58000.0,67990.0,J17,1.0
oversat_all,d91d5067468b,E9 -> -E11 -> E16 -> E15 -> E4,E9,E4,5,334,173.88922155688624,260.8502994011976,-86.96107784431138,92.99101796407186,122.22308307324008,91.0,196.0,282.0,371.0,317,16,0,0,0,0,0,oversat_all_veh_004390,144.0,515.0,-371.0,58000.0,67990.0,J17,1.0
oversat_all,3f6007450fd6,E18 -> E16 -> E15 -> E4,E18,E4,4,334,166.9880239520958,92.68263473053892,74.30538922155688,74.50898203592814,74.77739419526954,75.0,78.0,78.0,91.0,2,332,0,0,0,0,0,oversat_all_veh_013647,153.0,62.0,91.0,58000.0,67990.0,,0.0
oversat_all,e104febbb46d,-E19 -> -E20 -> E13 -> E5,-E19,E5,4,334,78.05389221556887,109.67065868263474,-31.61676646706587,31.61676646706587,48.909362585327095,7.0,74.0,76.0,184.0,334,0,0,0,0,0,0,oversat_all_veh_013357,78.0,262.0,-184.0,58000.0,67990.0,J21;J22,1.0
oversat_all,31574ce50048,E14 -> E13 -> E0 -> E4,E14,E4,4,334,127.88922155688623,156.97305389221557,-29.08383233532934,29.08383233532934,57.93300900983939,5.0,92.0,173.0,262.0,333,0,0,0,0,0,0,oversat_all_veh_005794,99.0,361.0,-262.0,58000.0,67990.0,J21;J22,1.0
oversat_all,cfc82f1bba5a,E14 -> E13 -> E5,E14,E5,3,334,117.90718562874251,140.35029940119762,-22.44311377245509,22.44311377245509,47.1829158161106,9.0,97.0,102.0,203.0,334,0,0,0,0,0,0,oversat_all_veh_013541,89.0,292.0,-203.0,58000.0,67990.0,J21;J22,1.0
oversat_all,cc35ab4813b4,E17 -> E16 -> E15 -> E3,E17,E3,4,334,135.688622754491,133.4251497005988,2.2634730538922154,12.173652694610778,22.19996223765467,5.0,62.0,63.0,69.0,296,38,0,0,0,0,0,oversat_all_veh_013118,165.0,96.0,69.0,58000.0,67990.0,,0.0
oversat_all,3f8e372d6db5,E14 -> E20 -> E19,E14,E19,3,334,96.85329341317366,106.79041916167665,-9.937125748502995,10.110778443113773,33.98304438082647,4.0,10.0,13.0,271.0,281,26,0,0,0,0,0,oversat_all_veh_005793,68.0,339.0,-271.0,58000.0,67990.0,J21,1.0
oversat_all,a916eb9fd928,-E5 -> E0 -> E3,-E5,E3,3,334,90.90718562874251,98.39221556886227,-7.485029940119761,7.485029940119761,11.437411038232604,7.0,9.0,9.0,98.0,334,0,0,0,0,0,0,oversat_all_veh_013549,62.0,160.0,-98.0,58000.0,67990.0,J22,1.0
oversat_all,098e35e118ee,-E4 -> E3,-E4,E3,2,334,44.99101796407186,50.51197604790419,-5.520958083832335,5.520958083832335,5.735173543046651,5.0,8.0,8.0,11.0,334,0,0,0,0,0,0,oversat_all_veh_003261,20.0,31.0,-11.0,58000.0,67990.0,,0.0
oversat_all,250f0d385d96,-E3 -> E4,-E3,E4,2,334,37.0688622754491,41.84431137724551,-4.775449101796407,4.775449101796407,5.030148626987162,5.0,7.0,8.0,11.0,334,0,0,0,0,0,0,oversat_all_veh_000846,20.0,31.0,-11.0,58000.0,67990.0,,0.0
oversat_all,6caaaa0b7492,-E2 -> E0 -> E4,-E2,E4,3,334,95.98203592814372,97.11377245508982,-1.1317365269461077,3.059880239520958,11.039124759196346,1.5,4.0,4.0,90.0,120,163,0,0,0,0,0,oversat_all_veh_013586,67.0,157.0,-90.0,58000.0,67990.0,J22,1.0
south_bottleneck,e104febbb46d,-E19 -> -E20 -> E13 -> E5,-E19,E5,4,334,74.98203592814372,86.52095808383234,-11.538922155688622,11.538922155688622,22.532478222563523,6.0,10.0,77.0,101.0,334,0,0,0,0,0,0,south_bottleneck_veh_002655,46.0,147.0,-101.0,106000.0,115990.0,J21;J22,1.0
south_bottleneck,bb0c3598f044,-E19 -> E15 -> E4,-E19,E4,3,334,75.9940119760479,83.07485029940119,-7.080838323353293,7.080838323353293,10.018097396666784,6.0,8.0,9.0,97.0,334,0,0,0,0,0,0,south_bottleneck_veh_001358,47.0,144.0,-97.0,106000.0,115990.0,,0.0
south_bottleneck,1018953d2ddc,-E3 -> -E0 -> E2,-E3,E2,3,334,102.9940119760479,109.90718562874251,-6.913173652694611,6.913173652694611,8.603195340097784,7.0,8.0,9.0,97.0,334,0,0,0,0,0,0,south_bottleneck_veh_000442,74.0,171.0,-97.0,106000.0,115990.0,J22,1.0
south_bottleneck,346fa50c7560,-E19 -> -E16 -> E11 -> -E10,-E19,-E10,4,334,82.98203592814372,89.42814371257485,-6.446107784431137,6.446107784431137,6.83619286841234,6.0,10.0,11.0,14.0,334,0,0,0,0,0,0,south_bottleneck_veh_002080,54.0,68.0,-14.0,106000.0,115990.0,J17,1.0
south_bottleneck,a8e523103c04,-E3 -> -E0 -> -E13 -> -E14,-E3,-E14,4,334,140.90718562874252,146.688622754491,-5.781437125748503,5.781437125748503,6.121768364140514,6.0,8.0,10.0,14.0,334,0,0,0,0,0,0,south_bottleneck_veh_000892,112.0,126.0,-14.0,106000.0,115990.0,J21;J22,1.0
south_bottleneck,250f0d385d96,-E3 -> E4,-E3,E4,2,334,36.97904191616767,41.73952095808383,-4.7604790419161676,4.7604790419161676,5.010169299253832,5.0,7.0,8.0,10.0,334,0,0,0,0,0,0,south_bottleneck_veh_000537,20.0,30.0,-10.0,106000.0,115990.0,,0.0
south_bottleneck,7a1449444338,-E3 -> -E15 -> -E16 -> -E17,-E3,-E17,4,334,86.97005988023952,91.45808383233533,-4.4880239520958085,4.4880239520958085,4.95639670158403,4.0,7.0,8.0,12.0,334,0,0,0,0,0,0,south_bottleneck_veh_000755,58.0,70.0,-12.0,106000.0,115990.0,,0.0
south_bottleneck,11c3be71c875,-E19 -> -E16 -> -E17,-E19,-E17,3,334,83.98203592814372,82.59580838323353,1.3862275449101797,1.6137724550898203,1.939967281655084,2.0,3.0,3.0,4.0,25,253,0,0,0,0,0,south_bottleneck_veh_000117,113.0,109.0,4.0,106000.0,115990.0,,0.0
southwest_bottleneck,4130f8916f02,E18 -> E11 -> -E12 -> E13 -> E5,E18,E5,5,334,148.89820359281438,442.0658682634731,-293.16766467065867,293.16766467065867,302.5912343241627,305.5,368.0,407.0,440.0,334,0,0,0,0,0,0,southwest_bottleneck_veh_002068,120.0,560.0,-440.0,118000.0,127990.0,J17;J21;J22,1.0
southwest_bottleneck,bc9c2e0fd984,E18 -> E11 -> -E12 -> -E14,E18,-E14,4,334,140.89820359281438,426.0928143712575,-285.1946107784431,285.1946107784431,296.7575322281336,298.5,362.0,408.0,507.0,334,0,0,0,1,0,0,southwest_bottleneck_veh_002067,112.0,619.0,-507.0,118000.0,127990.0,J17;J21,1.0
southwest_bottleneck,209c0f416794,E17 -> E11 -> -E12 -> E13 -> E5,E17,E5,5,334,176.0868263473054,385.65269461077844,-209.56586826347305,209.56586826347305,216.55052237876262,213.0,269.0,304.0,339.0,334,0,0,0,0,0,0,southwest_bottleneck_veh_001944,147.0,486.0,-339.0,118000.0,127990.0,J17;J21;J22,1.0
southwest_bottleneck,3b4ce934fe24,E17 -> E11 -> -E12 -> -E14,E17,-E14,4,334,168.0868263473054,373.97305389221555,-205.88622754491018,205.88622754491018,212.92375852898095,213.5,255.0,296.0,334.0,334,0,0,0,0,0,0,southwest_bottleneck_veh_000695,139.0,473.0,-334.0,118000.0,127990.0,J17;J21,1.0
southwest_bottleneck,8522097d81df,E17 -> E11 -> -E10,E17,-E10,3,334,106.08682634730539,294.7544910179641,-188.6676646706587,188.6676646706587,195.62582669948333,191.5,246.0,249.0,295.0,334,0,0,0,0,0,0,southwest_bottleneck_veh_001693,106.0,401.0,-295.0,118000.0,127990.0,J17,1.0
southwest_bottleneck,18927aaae3eb,E18 -> E11 -> -E9,E18,-E9,3,334,102.90718562874251,276.36526946107784,-173.45808383233532,173.45808383233532,185.59647329139526,186.0,249.0,254.0,333.0,334,0,0,0,0,0,0,southwest_bottleneck_veh_000457,74.0,407.0,-333.0,118000.0,127990.0,J17,1.0
southwest_bottleneck,cc35ab4813b4,E17 -> E16 -> E15 -> E3,E17,E3,4,334,89.68263473053892,98.58982035928143,-8.907185628742514,11.27245508982036,24.89829612042958,3.0,63.0,72.0,85.0,279,27,0,0,0,0,0,southwest_bottleneck_veh_002334,68.0,153.0,-85.0,118000.0,127990.0,,0.0
southwest_bottleneck,3f6007450fd6,E18 -> E16 -> E15 -> E4,E18,E4,4,334,94.86526946107784,91.41616766467065,3.4491017964071857,3.5808383233532934,4.0468809605648195,4.0,6.0,6.0,7.0,14,301,0,0,0,0,0,southwest_bottleneck_veh_001018,124.0,117.0,7.0,118000.0,127990.0,,0.0
west_bottleneck,5706b7fad304,E10 -> -E11 -> E16 -> E19,E10,E19,4,334,136.0868263473054,417.4820359281437,-281.3952095808383,281.3952095808383,308.11147760953423,270.5,452.0,501.0,687.0,334,0,0,0,35,0,0,west_bottleneck_veh_000591,107.0,794.0,-687.0,70000.0,79990.0,J17,1.0
west_bottleneck,36e8623f4e0a,E10 -> -E11 -> E16 -> E15 -> E4,E10,E4,5,334,145.062874251497,408.79041916167665,-263.72754491017963,263.72754491017963,290.8345672525569,238.0,440.0,479.0,586.0,334,0,0,0,35,0,0,west_bottleneck_veh_000594,116.0,702.0,-586.0,70000.0,79990.0,J17,1.0
west_bottleneck,11815a0a0294,E10 -> -E11 -> -E17,E10,-E17,3,334,90.08682634730539,252.91616766467067,-162.82934131736528,162.82934131736528,183.46285662356576,147.0,288.0,321.0,507.0,334,0,0,0,0,0,0,west_bottleneck_veh_000593,61.0,568.0,-507.0,70000.0,79990.0,J17,1.0
west_bottleneck,d91d5067468b,E9 -> -E11 -> E16 -> E15 -> E4,E9,E4,5,334,89.94610778443113,226.7305389221557,-136.78443113772454,136.78443113772454,153.6082972434625,97.0,267.0,272.0,372.0,333,0,0,0,0,0,0,west_bottleneck_veh_001065,61.0,433.0,-372.0,70000.0,79990.0,J17,1.0
west_bottleneck,529f6a3ed00c,E9 -> -E12 -> E20 -> E15 -> -E0 -> E5,E9,E5,6,334,140.9011976047904,268.8832335329341,-127.98203592814372,127.98203592814372,133.90482812061697,130.0,184.0,208.0,219.0,334,0,0,0,0,0,0,west_bottleneck_veh_002323,112.0,331.0,-219.0,70000.0,79990.0,J17;J21;J22,1.0
west_bottleneck,9ad069c9b349,E9 -> -E12 -> E13 -> E5,E9,E5,4,334,101.03293413173652,217.3443113772455,-116.31137724550898,116.38922155688623,125.6874986042336,112.0,185.0,209.0,219.0,333,1,0,0,0,0,0,west_bottleneck_veh_001892,61.0,280.0,-219.0,70000.0,79990.0,J17;J21;J22,1.0
west_bottleneck,6ee37cdd0209,E9 -> -E11 -> -E18,E9,-E18,3,334,65.24550898203593,171.27245508982037,-106.02694610778443,106.02694610778443,120.63076488659826,94.0,181.0,186.0,357.0,334,0,0,0,0,0,0,west_bottleneck_veh_001112,39.0,396.0,-357.0,70000.0,79990.0,J17,1.0
west_bottleneck,09ec625f32b1,E9 -> -E12 -> -E14,E9,-E14,3,334,49.65568862275449,136.6676646706587,-87.0119760479042,87.0119760479042,95.94646711004113,85.0,145.0,148.0,152.0,334,0,0,0,0,0,0,west_bottleneck_veh_000040,26.0,178.0,-152.0,70000.0,79990.0,J17;J21,1.0
west_bottleneck,11b6fa0ab926,E10 -> -E12 -> E13 -> E5,E10,E5,4,334,135.29341317365268,128.49401197604791,6.799401197604791,55.94311377245509,89.59888993645129,17.0,166.0,247.0,302.0,273,61,0,0,0,0,0,west_bottleneck_veh_000349,407.0,105.0,302.0,70000.0,79990.0,J17;J21;J22,1.0
